DateTime,P_gridMET,ET_Ref_ ETo,NDVI,ET_SSEBop,ET_geeSEBAL,ET_DisALEXI,ET_SIMS,ET_PT_JPL
1/1/2020 0:00:00,0.00,1.62,0.40,0.70,0.00,0.50,0.61,1.29
1/2/2020 0:00:00,0.00,2.06,0.40,0.91,0.00,0.63,0.82,1.49
1/3/2020 0:00:00,0.00,1.97,0.40,0.89,0.00,0.59,0.82,1.27
1/4/2020 0:00:00,0.00,1.35,0.40,0.62,0.00,0.39,0.58,0.76
1/5/2020 0:00:00,0.00,1.71,0.40,0.81,0.00,0.48,0.77,0.82
1/6/2020 0:00:00,0.00,1.97,0.40,0.96,0.00,0.55,0.93,0.80
1/7/2020 0:00:00,0.00,1.80,0.41,0.88,0.12,0.54,0.88,0.87
1/8/2020 0:00:00,1.00,1.08,0.42,0.53,0.14,0.35,0.55,0.61
1/9/2020 0:00:00,8.20,0.99,0.43,0.49,0.20,0.34,0.52,0.64
1/10/2020 0:00:00,0.00,1.35,0.45,0.68,0.36,0.50,0.74,0.98
1/11/2020 0:00:00,0.80,1.17,0.46,0.60,0.39,0.46,0.66,0.95
1/12/2020 0:00:00,0.50,1.26,0.47,0.65,0.50,0.52,0.74,1.12
1/13/2020 0:00:00,2.00,0.99,0.48,0.52,0.46,0.43,0.60,0.96
1/14/2020 0:00:00,0.70,1.08,0.49,0.57,0.57,0.50,0.68,1.14
1/15/2020 0:00:00,0.00,1.17,0.49,0.62,0.60,0.53,0.73,1.21
1/16/2020 0:00:00,18.90,0.81,0.49,0.43,0.40,0.36,0.51,0.82
1/17/2020 0:00:00,0.00,1.26,0.49,0.67,0.59,0.56,0.79,1.25
1/18/2020 0:00:00,0.00,1.62,0.49,0.87,0.72,0.72,1.02,1.57
1/19/2020 0:00:00,0.00,2.06,0.49,1.12,0.88,0.91,1.30,1.96
1/20/2020 0:00:00,0.00,1.62,0.49,0.88,0.65,0.70,1.02,1.50
1/21/2020 0:00:00,2.10,1.08,0.49,0.59,0.41,0.46,0.68,0.98
1/22/2020 0:00:00,0.00,1.08,0.49,0.59,0.39,0.46,0.68,0.96
1/23/2020 0:00:00,0.00,1.35,0.48,0.74,0.46,0.57,0.86,1.17
1/24/2020 0:00:00,0.00,1.35,0.48,0.75,0.43,0.56,0.86,1.14
1/25/2020 0:00:00,2.40,1.17,0.48,0.65,0.35,0.48,0.74,0.96
1/26/2020 0:00:00,3.30,0.99,0.48,0.55,0.27,0.41,0.63,0.79
1/27/2020 0:00:00,0.00,1.44,0.48,0.81,0.37,0.58,0.92,1.12
1/28/2020 0:00:00,0.40,1.53,0.48,0.87,0.36,0.61,0.98,1.16
1/29/2020 0:00:00,0.00,2.24,0.48,1.28,0.48,0.89,1.44,1.66
1/30/2020 0:00:00,0.00,2.06,0.48,1.18,0.39,0.81,1.33,1.48
1/31/2020 0:00:00,0.00,2.42,0.48,1.39,0.41,0.94,1.56,1.69
2/1/2020 0:00:00,0.00,2.31,0.48,1.34,0.34,0.89,1.49,1.56
2/2/2020 0:00:00,0.00,1.51,0.48,0.88,0.19,0.58,0.98,0.99
2/3/2020 0:00:00,0.00,1.78,0.48,1.04,0.19,0.67,1.15,1.13
2/4/2020 0:00:00,0.00,2.13,0.48,1.25,0.18,0.80,1.38,1.31
2/5/2020 0:00:00,0.00,2.40,0.47,1.41,0.15,0.89,1.56,1.42
2/6/2020 0:00:00,0.00,2.13,0.47,1.26,0.09,0.78,1.39,1.22
2/7/2020 0:00:00,0.00,2.40,0.47,1.43,0.05,0.87,1.56,1.32
2/8/2020 0:00:00,0.00,2.04,0.48,1.22,0.04,0.75,1.35,1.15
2/9/2020 0:00:00,0.00,2.93,0.48,1.74,0.05,1.08,1.96,1.68
2/10/2020 0:00:00,0.00,3.55,0.49,2.11,0.05,1.32,2.41,2.08
2/11/2020 0:00:00,0.00,3.29,0.49,1.95,0.04,1.23,2.26,1.97
2/12/2020 0:00:00,0.00,2.13,0.50,1.27,0.02,0.81,1.48,1.30
2/13/2020 0:00:00,0.00,1.60,0.51,0.95,0.01,0.61,1.13,1.00
2/14/2020 0:00:00,0.00,1.78,0.51,1.05,0.01,0.69,1.27,1.13
2/15/2020 0:00:00,0.00,2.31,0.52,1.37,0.01,0.90,1.67,1.50
2/16/2020 0:00:00,0.00,2.13,0.45,1.60,1.12,2.06,1.54,1.40
2/17/2020 0:00:00,0.00,2.93,0.45,2.17,1.45,2.72,2.11,1.87
2/18/2020 0:00:00,0.00,2.49,0.45,1.83,1.16,2.20,1.79,1.53
2/19/2020 0:00:00,0.00,2.13,0.46,1.55,0.94,1.80,1.53,1.27
2/20/2020 0:00:00,0.00,2.22,0.46,1.60,0.91,1.79,1.59,1.27
2/21/2020 0:00:00,0.00,3.02,0.47,2.16,1.15,2.31,2.16,1.67
2/22/2020 0:00:00,0.00,1.96,0.47,1.38,0.69,1.41,1.39,1.04
2/23/2020 0:00:00,0.00,1.78,0.48,1.24,0.58,1.21,1.26,0.91
2/24/2020 0:00:00,0.00,3.11,0.48,2.15,0.92,1.99,2.21,1.52
2/25/2020 0:00:00,0.00,3.91,0.49,2.68,1.05,2.35,2.77,1.83
2/26/2020 0:00:00,0.00,3.02,0.49,2.05,0.72,1.69,2.14,1.35
2/27/2020 0:00:00,0.00,3.11,0.49,2.09,0.66,1.61,2.19,1.33
2/28/2020 0:00:00,0.00,2.93,0.50,1.95,0.54,1.40,2.06,1.19
2/29/2020 0:00:00,0.00,2.40,0.50,1.58,0.37,1.05,1.69,0.92
3/1/2020 0:00:00,0.00,2.00,0.51,1.30,0.25,0.79,1.40,0.73
3/2/2020 0:00:00,0.00,4.19,0.51,2.70,0.41,1.49,2.93,1.43
3/3/2020 0:00:00,0.00,3.91,0.48,2.56,0.13,1.81,2.61,1.80
3/4/2020 0:00:00,0.00,3.19,0.48,2.09,0.18,1.52,2.14,1.50
3/5/2020 0:00:00,0.00,2.82,0.48,1.86,0.22,1.39,1.90,1.35
3/6/2020 0:00:00,0.00,2.46,0.48,1.62,0.25,1.24,1.66,1.21
3/7/2020 0:00:00,5.40,1.37,0.49,0.90,0.17,0.71,0.93,0.68
3/8/2020 0:00:00,0.00,2.09,0.49,1.39,0.31,1.12,1.42,1.07
3/9/2020 0:00:00,0.00,2.28,0.49,1.51,0.39,1.25,1.55,1.19
3/10/2020 0:00:00,0.40,2.37,0.49,1.57,0.46,1.33,1.62,1.26
3/11/2020 0:00:00,0.00,2.91,0.49,1.94,0.64,1.68,2.00,1.58
3/12/2020 0:00:00,0.00,3.37,0.50,2.25,0.81,2.00,2.32,1.87
3/13/2020 0:00:00,0.00,2.64,0.50,1.77,0.70,1.60,1.83,1.49
3/14/2020 0:00:00,35.80,1.27,0.50,0.85,0.37,0.79,0.89,0.73
3/15/2020 0:00:00,27.60,1.18,0.50,0.80,0.37,0.75,0.82,0.69
3/16/2020 0:00:00,11.80,1.18,0.51,0.80,0.40,0.77,0.83,0.71
3/17/2020 0:00:00,6.10,1.73,0.51,1.17,0.62,1.15,1.21,1.05
3/18/2020 0:00:00,1.80,1.37,0.51,0.92,0.52,0.93,0.96,0.84
3/19/2020 0:00:00,0.80,1.91,0.51,1.30,0.77,1.33,1.35,1.20
3/20/2020 0:00:00,1.80,2.46,0.52,1.67,1.05,1.74,1.74,1.57
3/21/2020 0:00:00,0.90,1.73,0.52,1.18,0.78,1.25,1.23,1.12
3/22/2020 0:00:00,2.40,2.28,0.52,1.55,1.08,1.68,1.62,1.50
3/23/2020 0:00:00,0.00,1.73,0.52,1.18,0.86,1.30,1.24,1.16
3/24/2020 0:00:00,5.50,2.00,0.53,1.37,1.04,1.53,1.44,1.36
3/25/2020 0:00:00,1.80,1.91,0.53,1.31,1.04,1.49,1.38,1.32
3/26/2020 0:00:00,2.20,2.37,0.53,1.63,1.34,1.88,1.71,1.66
3/27/2020 0:00:00,0.00,2.37,0.53,1.63,1.39,1.91,1.72,1.69
3/28/2020 0:00:00,2.30,1.55,0.54,1.07,0.95,1.27,1.13,1.12
3/29/2020 0:00:00,0.50,2.18,0.54,1.51,1.39,1.83,1.60,1.60
3/30/2020 0:00:00,0.00,2.82,0.54,1.95,1.86,2.40,2.07,2.10
3/31/2020 0:00:00,0.00,2.73,0.54,1.90,1.86,2.37,2.01,2.06
4/1/2020 0:00:00,0.00,2.68,0.55,1.86,1.89,2.36,1.98,2.05
4/2/2020 0:00:00,0.00,3.48,0.55,2.43,2.54,3.12,2.58,2.70
4/3/2020 0:00:00,0.00,3.21,0.55,2.24,2.42,2.92,2.39,2.53
4/4/2020 0:00:00,15.70,1.25,0.55,0.88,0.96,1.12,0.93,0.99
4/5/2020 0:00:00,38.70,0.71,0.56,0.51,0.56,0.63,0.53,0.57
4/6/2020 0:00:00,8.80,1.34,0.56,0.96,1.08,1.17,1.00,1.07
4/7/2020 0:00:00,0.00,2.77,0.56,1.99,2.28,2.38,2.06,2.21
4/8/2020 0:00:00,0.00,2.68,0.56,1.94,2.25,2.27,2.00,2.15
4/9/2020 0:00:00,2.40,1.79,0.56,1.30,1.53,1.49,1.33,1.44
4/10/2020 0:00:00,0.00,2.68,0.56,1.97,2.35,2.21,2.00,2.16
4/11/2020 0:00:00,0.00,2.95,0.57,2.18,2.63,2.39,2.20,2.39
4/12/2020 0:00:00,0.00,2.86,0.57,2.13,2.60,2.28,2.13,2.33
4/13/2020 0:00:00,0.00,3.75,0.57,2.81,3.48,2.95,2.80,3.06
4/14/2020 0:00:00,0.00,5.00,0.57,3.78,4.73,3.88,3.74,4.10
4/15/2020 0:00:00,0.00,4.29,0.57,3.26,4.13,3.27,3.21,3.53
4/16/2020 0:00:00,0.00,3.12,0.58,2.39,3.07,2.35,2.34,2.58
4/17/2020 0:00:00,0.00,3.12,0.58,2.41,3.13,2.31,2.34,2.59
4/18/2020 0:00:00,0.00,3.12,0.58,2.42,3.18,2.27,2.34,2.60
4/19/2020 0:00:00,0.00,3.21,0.58,2.51,3.33,2.30,2.41,2.68
4/20/2020 0:00:00,0.00,2.32,0.58,1.83,2.45,1.63,1.74,1.95
4/21/2020 0:00:00,0.00,3.57,0.58,2.83,3.83,2.46,2.68,3.00
4/22/2020 0:00:00,0.00,4.55,0.59,3.63,4.96,3.08,3.42,3.84
4/23/2020 0:00:00,0.00,4.55,0.59,3.65,5.04,3.03,3.43,3.86
4/24/2020 0:00:00,0.00,5.98,0.59,4.83,6.73,3.91,4.50,5.08
4/25/2020 0:00:00,0.00,5.36,0.59,4.35,6.12,3.43,4.04,4.57
4/26/2020 0:00:00,0.00,4.55,0.59,3.72,5.28,2.86,3.43,3.90
4/27/2020 0:00:00,0.00,4.82,0.60,3.97,5.68,2.97,3.64,4.14
4/28/2020 0:00:00,0.00,5.36,0.60,4.46,5.84,3.28,4.05,4.55
4/29/2020 0:00:00,0.00,3.93,0.61,3.30,3.94,2.39,2.97,3.30
4/30/2020 0:00:00,0.00,4.37,0.62,3.72,4.00,2.65,3.31,3.63
5/1/2020 0:00:00,0.00,4.69,0.63,4.03,3.87,2.82,3.56,3.85
5/2/2020 0:00:00,0.00,3.19,0.64,2.76,2.35,1.91,2.42,2.58
5/3/2020 0:00:00,0.00,4.25,0.65,3.72,2.76,2.53,3.23,3.40
5/4/2020 0:00:00,0.00,5.66,0.66,5.02,3.18,3.35,4.31,4.48
5/5/2020 0:00:00,0.00,4.95,0.67,4.44,2.35,2.91,3.78,3.87
5/6/2020 0:00:00,0.00,5.66,0.61,4.97,0.22,2.50,4.19,3.52
5/7/2020 0:00:00,0.00,6.37,0.61,5.56,0.66,2.91,4.65,4.06
5/8/2020 0:00:00,0.00,6.64,0.61,5.75,1.12,3.14,4.78,4.34
5/9/2020 0:00:00,0.00,5.57,0.61,4.79,1.30,2.72,3.95,3.74
5/10/2020 0:00:00,0.00,4.34,0.61,3.70,1.29,2.18,3.03,2.98
5/11/2020 0:00:00,0.40,3.54,0.61,3.00,1.28,1.84,2.44,2.49
5/12/2020 0:00:00,1.60,2.04,0.61,1.71,0.87,1.09,1.38,1.47
5/13/2020 0:00:00,1.90,3.45,0.61,2.88,1.70,1.90,2.30,2.54
5/14/2020 0:00:00,0.40,3.36,0.60,2.79,1.87,1.90,2.21,2.53
5/15/2020 0:00:00,0.00,4.34,0.60,3.57,2.70,2.52,2.80,3.33
5/16/2020 0:00:00,0.00,4.42,0.60,3.61,3.04,2.64,2.81,3.48
5/17/2020 0:00:00,13.10,2.57,0.60,2.08,1.93,1.57,1.60,2.06
5/18/2020 0:00:00,6.70,2.48,0.60,1.99,2.02,1.56,1.52,2.03
5/19/2020 0:00:00,0.50,3.54,0.60,2.83,3.12,2.28,2.14,2.95
5/20/2020 0:00:00,0.00,4.07,0.60,3.23,3.85,2.69,2.42,3.46
5/21/2020 0:00:00,0.00,4.95,0.59,3.90,5.01,3.35,2.89,4.30
5/22/2020 0:00:00,0.00,5.04,0.44,2.93,6.69,4.08,2.28,3.20
5/23/2020 0:00:00,0.00,5.75,0.44,3.34,6.97,4.31,2.47,3.64
5/24/2020 0:00:00,0.00,6.37,0.45,3.71,6.99,4.40,2.60,4.02
5/25/2020 0:00:00,0.00,6.64,0.46,3.88,6.52,4.19,2.56,4.17
5/26/2020 0:00:00,0.00,6.64,0.46,3.89,5.76,3.79,2.41,4.15
5/27/2020 0:00:00,0.00,7.08,0.47,4.16,5.33,3.63,2.42,4.41
5/28/2020 0:00:00,0.00,6.55,0.47,3.85,4.18,2.97,2.09,4.07
5/29/2020 0:00:00,0.00,5.13,0.48,3.03,2.68,2.02,1.53,3.18
5/30/2020 0:00:00,8.50,3.01,0.49,1.81,1.53,1.25,0.88,1.99
5/31/2020 0:00:00,0.00,3.54,0.49,2.16,1.75,1.55,1.01,2.50
6/1/2020 0:00:00,0.00,4.46,0.50,2.78,2.14,2.05,1.25,3.34
6/2/2020 0:00:00,0.00,6.69,0.50,4.24,3.10,3.22,1.84,5.30
6/3/2020 0:00:00,0.00,7.31,0.51,4.71,3.29,3.67,1.97,6.11
6/4/2020 0:00:00,0.00,7.14,0.51,4.67,3.10,3.74,1.88,6.26
6/5/2020 0:00:00,0.00,4.46,0.52,2.97,1.87,2.43,1.15,4.11
6/6/2020 0:00:00,0.00,4.01,0.52,2.71,1.63,2.28,1.01,3.87
6/7/2020 0:00:00,0.00,4.37,0.52,2.94,1.99,2.52,1.06,4.13
6/8/2020 0:00:00,0.00,6.15,0.52,4.11,3.12,3.60,1.43,5.70
6/9/2020 0:00:00,0.00,7.31,0.52,4.85,4.09,4.35,1.63,6.63
6/10/2020 0:00:00,0.00,7.23,0.52,4.76,4.41,4.36,1.53,6.42
6/11/2020 0:00:00,0.00,6.24,0.52,4.09,4.13,3.83,1.26,5.43
6/12/2020 0:00:00,0.00,3.84,0.51,2.50,2.73,2.39,0.74,3.26
6/13/2020 0:00:00,0.00,3.48,0.51,2.25,2.66,2.20,0.63,2.89
6/14/2020 0:00:00,0.00,5.17,0.51,3.32,4.22,3.31,0.89,4.20
6/15/2020 0:00:00,0.00,4.91,0.51,3.11,3.77,3.04,0.86,3.85
6/16/2020 0:00:00,0.00,5.08,0.51,3.19,3.67,3.05,0.90,3.85
6/17/2020 0:00:00,0.00,7.05,0.50,4.37,4.76,4.09,1.27,5.15
6/18/2020 0:00:00,0.00,7.05,0.50,4.32,4.44,3.95,1.29,4.96
6/19/2020 0:00:00,0.00,6.51,0.50,3.94,3.80,3.53,1.21,4.40
6/20/2020 0:00:00,0.00,6.33,0.50,3.79,3.40,3.30,1.20,4.11
6/21/2020 0:00:00,0.00,6.07,0.50,3.59,2.97,3.04,1.17,3.77
6/22/2020 0:00:00,0.00,6.42,0.50,3.75,2.85,3.10,1.25,3.82
6/23/2020 0:00:00,0.00,6.51,0.36,2.68,0.91,2.69,0.75,2.31
6/24/2020 0:00:00,0.00,6.33,0.38,2.79,1.11,2.69,0.76,2.43
6/25/2020 0:00:00,0.00,6.24,0.40,2.92,1.31,2.73,0.78,2.58
6/26/2020 0:00:00,0.00,6.87,0.42,3.40,1.68,3.08,0.90,3.03
6/27/2020 0:00:00,0.00,6.60,0.44,3.45,1.84,3.04,0.90,3.10
6/28/2020 0:00:00,0.00,5.00,0.45,2.75,1.56,2.36,0.71,2.49
6/29/2020 0:00:00,0.00,6.07,0.47,3.51,2.11,2.93,0.89,3.20
6/30/2020 0:00:00,0.00,6.51,0.49,3.95,2.49,3.22,0.99,3.63
7/1/2020 0:00:00,0.00,6.03,0.49,3.64,2.13,2.90,0.93,3.32
7/2/2020 0:00:00,0.00,5.77,0.49,3.48,1.87,2.70,0.89,3.14
7/3/2020 0:00:00,0.00,6.03,0.48,3.62,1.78,2.74,0.94,3.24
7/4/2020 0:00:00,0.00,7.75,0.48,4.64,2.06,3.42,1.21,4.11
7/5/2020 0:00:00,0.00,7.84,0.48,4.67,1.85,3.35,1.23,4.11
7/6/2020 0:00:00,0.00,6.29,0.47,3.73,1.30,2.60,1.00,3.25
7/7/2020 0:00:00,0.00,6.37,0.47,3.77,1.13,2.55,1.02,3.25
7/8/2020 0:00:00,0.00,6.81,0.47,4.01,1.01,2.63,1.09,3.43
7/9/2020 0:00:00,0.00,7.06,0.42,3.66,3.18,2.79,0.75,2.85
7/10/2020 0:00:00,0.00,7.58,0.42,3.90,3.31,3.06,0.81,3.13
7/11/2020 0:00:00,0.00,8.10,0.41,4.14,3.44,3.33,0.86,3.41
7/12/2020 0:00:00,0.00,8.27,0.41,4.20,3.40,3.47,0.87,3.56
7/13/2020 0:00:00,0.00,6.55,0.41,3.30,2.61,2.80,0.69,2.88
7/14/2020 0:00:00,0.00,5.86,0.41,2.93,2.26,2.55,0.61,2.63
7/15/2020 0:00:00,0.00,5.86,0.40,2.91,2.19,2.59,0.61,2.68
7/16/2020 0:00:00,0.00,6.20,0.40,3.06,2.24,2.80,0.64,2.90
7/17/2020 0:00:00,0.00,6.12,0.41,3.07,2.09,2.81,0.68,2.97
7/18/2020 0:00:00,0.00,6.12,0.41,3.13,1.97,2.87,0.72,3.08
7/19/2020 0:00:00,0.00,5.86,0.42,3.05,1.77,2.81,0.74,3.06
7/20/2020 0:00:00,0.00,5.51,0.43,2.92,1.56,2.69,0.73,2.98
7/21/2020 0:00:00,0.00,5.51,0.44,2.97,1.46,2.74,0.77,3.08
7/22/2020 0:00:00,0.00,5.51,0.44,3.02,1.35,2.80,0.81,3.18
7/23/2020 0:00:00,0.00,5.51,0.45,3.07,1.24,2.85,0.86,3.29
7/24/2020 0:00:00,0.00,5.60,0.46,3.17,1.15,2.95,0.91,3.44
7/25/2020 0:00:00,0.00,6.29,0.38,2.83,2.34,2.39,0.64,2.38
7/26/2020 0:00:00,0.00,6.12,0.38,2.83,2.11,2.32,0.63,2.31
7/27/2020 0:00:00,0.00,6.37,0.39,3.03,2.03,2.42,0.65,2.41
7/28/2020 0:00:00,0.00,6.46,0.39,3.14,1.88,2.45,0.66,2.44
7/29/2020 0:00:00,0.00,6.46,0.40,3.22,1.71,2.45,0.67,2.45
7/30/2020 0:00:00,0.00,6.29,0.40,3.21,1.50,2.38,0.65,2.38
7/31/2020 0:00:00,0.00,6.46,0.41,3.38,1.37,2.45,0.67,2.45
8/1/2020 0:00:00,0.00,6.70,0.41,3.58,1.24,2.54,0.70,2.54
8/2/2020 0:00:00,0.00,6.79,0.42,3.67,1.31,2.54,0.77,2.67
8/3/2020 0:00:00,0.00,6.53,0.43,3.57,1.32,2.42,0.80,2.66
8/4/2020 0:00:00,0.00,5.53,0.43,3.05,1.16,2.02,0.73,2.33
8/5/2020 0:00:00,0.00,3.52,0.44,1.96,0.77,1.27,0.50,1.53
8/6/2020 0:00:00,0.00,4.61,0.45,2.60,1.04,1.65,0.70,2.07
8/7/2020 0:00:00,0.00,5.19,0.45,2.96,1.22,1.84,0.84,2.40
8/8/2020 0:00:00,0.00,5.70,0.46,3.28,1.39,1.99,0.97,2.72
8/9/2020 0:00:00,0.00,6.12,0.46,3.56,1.54,2.11,1.10,3.00
8/10/2020 0:00:00,0.00,5.95,0.41,2.92,0.67,2.15,0.63,2.47
8/11/2020 0:00:00,0.00,5.61,0.38,2.50,0.76,1.98,0.55,2.09
8/12/2020 0:00:00,0.00,5.95,0.35,2.38,0.95,2.03,0.54,1.96
8/13/2020 0:00:00,0.00,6.95,0.33,2.46,1.28,2.31,0.57,2.00
8/14/2020 0:00:00,0.00,6.87,0.30,2.12,1.42,2.21,0.52,1.68
8/15/2020 0:00:00,0.00,6.53,0.27,1.72,1.51,2.04,0.44,1.31
8/16/2020 0:00:00,0.00,7.04,0.25,1.54,1.80,2.12,0.42,1.11
8/17/2020 0:00:00,0.00,7.79,0.22,1.35,2.17,2.27,0.40,0.90
8/18/2020 0:00:00,0.00,8.04,0.25,1.69,1.99,2.31,0.50,1.47
8/19/2020 0:00:00,0.00,7.96,0.27,1.97,1.72,2.25,0.58,1.99
8/20/2020 0:00:00,0.00,6.70,0.29,1.91,1.24,1.87,0.56,2.13
8/21/2020 0:00:00,0.00,6.28,0.32,2.02,0.97,1.72,0.59,2.42
8/22/2020 0:00:00,0.00,6.03,0.34,2.17,0.74,1.63,0.63,2.73
8/23/2020 0:00:00,0.00,6.37,0.36,2.52,0.58,1.69,0.74,3.31
8/24/2020 0:00:00,0.00,5.61,0.39,2.43,0.34,1.46,0.71,3.29
8/25/2020 0:00:00,0.00,4.44,0.41,2.09,0.13,1.14,0.61,2.91
8/26/2020 0:00:00,0.00,4.86,0.40,2.35,0.53,1.24,0.52,2.42
8/27/2020 0:00:00,0.00,5.03,0.39,2.32,0.49,1.16,0.53,2.42
8/28/2020 0:00:00,0.00,5.45,0.38,2.40,0.47,1.13,0.57,2.54
8/29/2020 0:00:00,0.00,5.78,0.37,2.42,0.43,1.06,0.59,2.60
8/30/2020 0:00:00,0.00,5.70,0.36,2.27,0.35,0.91,0.58,2.48
8/31/2020 0:00:00,0.00,5.61,0.35,2.11,0.28,0.76,0.56,2.35
9/1/2020 0:00:00,0.00,4.79,0.34,1.71,0.18,0.53,0.47,1.94
9/2/2020 0:00:00,0.00,4.46,0.33,1.49,0.12,0.39,0.43,1.73
9/3/2020 0:00:00,0.00,5.47,0.33,1.80,0.16,0.45,0.53,2.22
9/4/2020 0:00:00,0.00,6.31,0.33,2.03,0.19,0.48,0.62,2.67
9/5/2020 0:00:00,0.00,6.90,0.33,2.18,0.22,0.49,0.68,3.04
9/6/2020 0:00:00,0.00,6.06,0.32,1.88,0.20,0.40,0.60,2.78
9/7/2020 0:00:00,0.00,7.99,0.32,2.43,0.28,0.48,0.79,3.81
9/8/2020 0:00:00,0.00,6.65,0.32,1.98,0.25,0.37,0.66,3.29
9/9/2020 0:00:00,0.00,4.21,0.32,1.23,0.16,0.21,0.42,2.16
9/10/2020 0:00:00,0.00,4.29,0.32,1.23,0.18,0.19,0.43,2.27
9/11/2020 0:00:00,0.00,4.54,0.32,1.27,0.19,0.18,0.45,2.49
9/12/2020 0:00:00,0.00,5.30,0.31,1.45,0.24,0.18,0.53,3.00
9/13/2020 0:00:00,0.00,5.13,0.31,1.37,0.24,0.15,0.52,2.99
9/14/2020 0:00:00,0.00,4.63,0.31,1.21,0.22,0.11,0.47,2.78
9/15/2020 0:00:00,0.00,4.88,0.31,1.25,0.24,0.09,0.49,3.02
9/16/2020 0:00:00,0.00,4.63,0.31,1.16,0.24,0.06,0.47,2.95
9/17/2020 0:00:00,0.00,4.04,0.30,0.98,0.22,0.03,0.41,2.64
9/18/2020 0:00:00,0.00,3.36,0.30,0.80,0.19,0.01,0.34,2.26
9/19/2020 0:00:00,0.00,3.87,0.31,1.04,0.19,0.02,0.41,2.45
9/20/2020 0:00:00,0.00,5.05,0.32,1.50,0.22,0.05,0.54,2.99
9/21/2020 0:00:00,0.00,5.22,0.33,1.71,0.20,0.07,0.57,2.88
9/22/2020 0:00:00,0.00,4.96,0.35,1.78,0.16,0.08,0.56,2.55
9/23/2020 0:00:00,0.00,4.71,0.36,1.83,0.12,0.09,0.54,2.23
9/24/2020 0:00:00,0.00,3.62,0.37,1.51,0.07,0.08,0.43,1.57
9/25/2020 0:00:00,0.00,3.95,0.38,1.77,0.05,0.10,0.48,1.56
9/26/2020 0:00:00,0.00,5.13,0.39,2.45,0.04,0.15,0.63,1.82
9/27/2020 0:00:00,0.00,5.22,0.36,2.27,0.00,0.21,0.49,1.49
9/28/2020 0:00:00,0.00,5.22,0.35,2.25,0.01,0.21,0.48,1.45
9/29/2020 0:00:00,0.00,4.54,0.35,1.93,0.01,0.18,0.41,1.22
9/30/2020 0:00:00,0.00,5.89,0.35,2.47,0.02,0.24,0.52,1.54
10/1/2020 0:00:00,0.00,5.34,0.35,2.21,0.03,0.21,0.46,1.35
10/2/2020 0:00:00,0.00,5.34,0.34,2.19,0.03,0.21,0.45,1.31
10/3/2020 0:00:00,0.00,6.29,0.34,2.54,0.05,0.25,0.52,1.49
10/4/2020 0:00:00,0.00,5.60,0.34,2.23,0.05,0.22,0.45,1.28
10/5/2020 0:00:00,0.00,3.88,0.35,1.58,0.03,0.15,0.34,0.92
10/6/2020 0:00:00,0.00,3.79,0.35,1.59,0.03,0.14,0.36,0.93
10/7/2020 0:00:00,0.00,4.57,0.36,1.96,0.03,0.17,0.46,1.17
10/8/2020 0:00:00,0.00,3.10,0.37,1.36,0.02,0.11,0.33,0.82
10/9/2020 0:00:00,0.00,2.67,0.38,1.20,0.01,0.09,0.31,0.73
10/10/2020 0:00:00,0.00,2.33,0.38,1.07,0.01,0.08,0.28,0.66
10/11/2020 0:00:00,0.00,3.53,0.39,1.66,0.01,0.11,0.45,1.03
10/12/2020 0:00:00,0.00,4.91,0.40,2.35,0.01,0.15,0.66,1.48
10/13/2020 0:00:00,0.00,5.00,0.34,1.92,0.00,0.04,0.40,1.17
10/14/2020 0:00:00,0.00,5.51,0.34,2.12,0.01,0.07,0.44,1.36
10/15/2020 0:00:00,0.00,5.77,0.34,2.22,0.01,0.11,0.46,1.49
10/16/2020 0:00:00,0.00,5.00,0.34,1.92,0.01,0.12,0.40,1.36
10/17/2020 0:00:00,0.00,4.05,0.34,1.55,0.01,0.11,0.33,1.15
10/18/2020 0:00:00,0.00,3.10,0.34,1.19,0.01,0.10,0.25,0.92
10/19/2020 0:00:00,0.00,3.36,0.34,1.29,0.02,0.13,0.27,1.04
10/20/2020 0:00:00,0.00,3.45,0.34,1.32,0.02,0.15,0.28,1.11
10/21/2020 0:00:00,0.00,3.53,0.34,1.33,0.02,0.14,0.30,1.15
10/22/2020 0:00:00,0.00,3.10,0.34,1.15,0.01,0.11,0.28,1.02
10/23/2020 0:00:00,0.00,2.41,0.34,0.89,0.01,0.08,0.23,0.80
10/24/2020 0:00:00,0.00,2.15,0.34,0.78,0.01,0.07,0.22,0.72
10/25/2020 0:00:00,0.00,1.98,0.35,0.71,0.00,0.05,0.21,0.67
10/26/2020 0:00:00,0.00,4.82,0.35,1.70,0.01,0.12,0.53,1.64
10/27/2020 0:00:00,0.00,3.53,0.35,1.22,0.00,0.07,0.41,1.21
10/28/2020 0:00:00,0.00,2.50,0.35,0.85,0.00,0.05,0.30,0.87
10/29/2020 0:00:00,0.00,2.50,0.31,0.67,0.00,0.02,0.21,0.71
10/30/2020 0:00:00,0.00,2.76,0.31,0.77,0.01,0.02,0.23,0.76
10/31/2020 0:00:00,0.00,3.10,0.31,0.90,0.03,0.03,0.26,0.84
11/1/2020 0:00:00,0.00,3.56,0.31,1.07,0.05,0.04,0.30,0.93
11/2/2020 0:00:00,0.00,3.30,0.31,1.02,0.06,0.04,0.28,0.84
11/3/2020 0:00:00,0.00,3.82,0.31,1.23,0.09,0.05,0.32,0.94
11/4/2020 0:00:00,0.00,3.38,0.31,1.12,0.09,0.05,0.29,0.81
11/5/2020 0:00:00,0.00,3.38,0.31,1.16,0.11,0.06,0.29,0.78
11/6/2020 0:00:00,0.60,1.30,0.32,0.45,0.10,0.02,0.11,0.39
11/7/2020 0:00:00,0.00,1.48,0.32,0.52,0.19,0.03,0.13,0.54
11/8/2020 0:00:00,0.40,1.48,0.32,0.52,0.26,0.03,0.14,0.63
11/9/2020 0:00:00,0.00,1.56,0.33,0.56,0.35,0.03,0.15,0.77
11/10/2020 0:00:00,0.00,1.91,0.33,0.69,0.51,0.04,0.19,1.07
11/11/2020 0:00:00,0.00,1.82,0.33,0.66,0.58,0.04,0.19,1.14
11/12/2020 0:00:00,0.00,1.82,0.34,0.67,0.66,0.04,0.19,1.26
11/13/2020 0:00:00,5.10,1.74,0.34,0.65,0.72,0.04,0.19,1.31
11/14/2020 0:00:00,0.00,1.56,0.34,0.59,0.72,0.04,0.18,1.29
11/15/2020 0:00:00,0.00,2.08,0.33,0.76,0.83,0.05,0.22,1.52
11/16/2020 0:00:00,0.00,3.04,0.31,1.07,1.02,0.08,0.29,1.94
11/17/2020 0:00:00,14.50,2.60,0.29,0.89,0.72,0.07,0.23,1.42
11/18/2020 0:00:00,10.10,0.78,0.27,0.26,0.17,0.02,0.06,0.35
11/19/2020 0:00:00,0.00,1.56,0.26,0.50,0.24,0.05,0.11,0.56
11/20/2020 0:00:00,0.00,2.17,0.24,0.67,0.20,0.07,0.14,0.58
11/21/2020 0:00:00,0.00,2.86,0.22,0.85,0.09,0.09,0.16,0.50
11/22/2020 0:00:00,0.00,2.43,0.24,0.75,0.07,0.08,0.16,0.45
11/23/2020 0:00:00,0.00,1.56,0.26,0.50,0.04,0.05,0.12,0.31
11/24/2020 0:00:00,0.00,1.65,0.28,0.55,0.03,0.06,0.15,0.35
11/25/2020 0:00:00,0.00,1.74,0.30,0.60,0.03,0.07,0.18,0.38
11/26/2020 0:00:00,0.00,2.60,0.32,0.93,0.03,0.10,0.30,0.61
11/27/2020 0:00:00,0.00,2.00,0.34,0.74,0.02,0.08,0.26,0.49
11/28/2020 0:00:00,0.00,1.91,0.36,0.73,0.01,0.08,0.27,0.49
11/29/2020 0:00:00,0.00,2.00,0.38,0.79,0.00,0.09,0.31,0.54
11/30/2020 0:00:00,0.00,2.69,0.32,1.34,0.05,0.07,0.30,0.51
12/1/2020 0:00:00,0.00,2.38,0.32,1.15,0.04,0.06,0.26,0.43
12/2/2020 0:00:00,0.00,2.28,0.31,1.07,0.03,0.06,0.25,0.39
12/3/2020 0:00:00,0.00,1.92,0.30,0.87,0.02,0.05,0.21,0.31
12/4/2020 0:00:00,0.00,2.19,0.30,0.95,0.02,0.06,0.24,0.33
12/5/2020 0:00:00,0.00,1.46,0.29,0.61,0.01,0.04,0.16,0.21
12/6/2020 0:00:00,0.00,1.74,0.29,0.70,0.01,0.05,0.19,0.23
12/7/2020 0:00:00,0.00,3.65,0.28,1.41,0.00,0.12,0.40,0.44
12/8/2020 0:00:00,0.00,3.20,0.29,1.23,0.13,0.19,0.39,0.46
12/9/2020 0:00:00,0.00,2.28,0.29,0.88,0.18,0.19,0.30,0.38
12/10/2020 0:00:00,0.00,2.47,0.30,0.95,0.29,0.27,0.35,0.47
12/11/2020 0:00:00,16.80,1.46,0.31,0.56,0.23,0.20,0.22,0.32
12/12/2020 0:00:00,4.10,0.73,0.31,0.28,0.14,0.12,0.12,0.18
12/13/2020 0:00:00,19.50,0.55,0.32,0.21,0.13,0.10,0.10,0.14
12/14/2020 0:00:00,0.00,1.19,0.33,0.45,0.33,0.26,0.22,0.34
12/15/2020 0:00:00,0.00,1.55,0.33,0.59,0.49,0.38,0.30,0.48
12/16/2020 0:00:00,7.00,1.19,0.27,0.31,0.00,0.16,0.14,0.90
12/17/2020 0:00:00,6.60,0.73,0.27,0.20,0.00,0.09,0.10,0.50
12/18/2020 0:00:00,0.00,1.55,0.28,0.45,0.00,0.18,0.22,0.95
12/19/2020 0:00:00,0.00,2.01,0.28,0.60,0.00,0.22,0.32,1.07
12/20/2020 0:00:00,0.00,2.28,0.29,0.71,0.00,0.22,0.39,1.04
12/21/2020 0:00:00,0.00,2.65,0.30,0.86,0.00,0.23,0.48,1.01
12/22/2020 0:00:00,0.00,1.55,0.30,0.52,0.00,0.12,0.30,0.47
12/23/2020 0:00:00,0.00,2.38,0.31,0.83,0.00,0.16,0.50,0.55
12/24/2020 0:00:00,0.00,2.47,0.32,0.88,0.02,0.21,0.62,0.84
12/25/2020 0:00:00,2.20,2.28,0.33,0.83,0.04,0.23,0.67,1.03
12/26/2020 0:00:00,0.70,1.01,0.34,0.37,0.03,0.12,0.33,0.56
12/27/2020 0:00:00,1.70,1.01,0.35,0.38,0.03,0.13,0.38,0.67
12/28/2020 0:00:00,0.00,0.73,0.36,0.28,0.03,0.11,0.30,0.57
12/29/2020 0:00:00,0.00,1.74,0.37,0.68,0.09,0.28,0.79,1.54
12/30/2020 0:00:00,2.70,1.37,0.38,0.54,0.08,0.25,0.68,1.37
12/31/2020 0:00:00,0.90,1.01,0.39,0.41,0.07,0.20,0.54,1.11
1/1/2021 0:00:00,0.00,1.17,0.34,0.46,0.14,0.49,0.33,0.85
1/2/2021 0:00:00,3.30,0.81,0.34,0.32,0.09,0.32,0.25,0.56
1/3/2021 0:00:00,0.00,0.81,0.35,0.33,0.08,0.30,0.26,0.54
1/4/2021 0:00:00,3.10,0.81,0.35,0.33,0.08,0.28,0.28,0.51
1/5/2021 0:00:00,0.00,1.08,0.36,0.45,0.10,0.34,0.40,0.65
1/6/2021 0:00:00,0.00,1.17,0.36,0.49,0.10,0.34,0.45,0.67
1/7/2021 0:00:00,0.00,1.62,0.37,0.69,0.13,0.43,0.66,0.88
1/8/2021 0:00:00,0.00,1.17,0.37,0.50,0.08,0.28,0.50,0.60
1/9/2021 0:00:00,0.00,1.71,0.38,0.75,0.11,0.37,0.77,0.82
1/10/2021 0:00:00,0.00,1.35,0.38,0.60,0.08,0.25,0.63,0.61
1/11/2021 0:00:00,0.00,1.26,0.39,0.57,0.07,0.21,0.62,0.53
1/12/2021 0:00:00,0.00,1.17,0.39,0.53,0.06,0.16,0.60,0.45
1/13/2021 0:00:00,0.00,1.53,0.40,0.70,0.06,0.17,0.81,0.55
1/14/2021 0:00:00,0.00,2.51,0.40,1.17,0.09,0.22,1.39,0.82
1/15/2021 0:00:00,0.00,3.14,0.41,1.49,0.09,0.19,1.80,0.93
1/16/2021 0:00:00,0.00,3.14,0.41,1.50,0.07,0.11,1.86,0.83
1/17/2021 0:00:00,0.00,3.05,0.38,1.78,0.07,0.32,1.61,0.68
1/18/2021 0:00:00,0.00,3.95,0.39,2.29,0.08,0.47,2.13,0.91
1/19/2021 0:00:00,0.00,4.31,0.39,2.49,0.08,0.57,2.37,1.03
1/20/2021 0:00:00,0.00,2.60,0.39,1.50,0.05,0.38,1.46,0.65
1/21/2021 0:00:00,0.00,2.06,0.40,1.18,0.03,0.32,1.18,0.53
1/22/2021 0:00:00,6.20,0.90,0.40,0.51,0.01,0.15,0.52,0.24
1/23/2021 0:00:00,0.00,1.17,0.41,0.66,0.02,0.21,0.69,0.32
1/24/2021 0:00:00,4.60,0.72,0.41,0.41,0.01,0.14,0.43,0.21
1/25/2021 0:00:00,0.40,1.26,0.42,0.71,0.01,0.26,0.77,0.37
1/26/2021 0:00:00,21.00,1.17,0.42,0.65,0.01,0.26,0.73,0.35
1/27/2021 0:00:00,37.40,0.90,0.43,0.50,0.01,0.21,0.57,0.28
1/28/2021 0:00:00,42.30,0.72,0.43,0.40,0.00,0.18,0.46,0.23
1/29/2021 0:00:00,0.00,1.08,0.44,0.59,0.01,0.28,0.71,0.36
1/30/2021 0:00:00,0.00,1.71,0.44,0.94,0.01,0.46,1.14,0.58
1/31/2021 0:00:00,0.00,2.33,0.45,1.27,0.00,0.66,1.58,0.81
2/1/2021 0:00:00,0.60,2.31,0.45,1.25,0.00,0.69,1.59,0.83
2/2/2021 0:00:00,4.50,0.80,0.45,0.44,0.02,0.25,0.56,0.30
2/3/2021 0:00:00,0.00,1.24,0.46,0.69,0.06,0.41,0.87,0.48
2/4/2021 0:00:00,0.00,1.69,0.46,0.94,0.11,0.58,1.20,0.67
2/5/2021 0:00:00,0.00,2.58,0.46,1.45,0.23,0.93,1.84,1.06
2/6/2021 0:00:00,0.00,2.84,0.47,1.61,0.31,1.07,2.05,1.21
2/7/2021 0:00:00,0.00,2.49,0.47,1.42,0.33,0.98,1.81,1.10
2/8/2021 0:00:00,0.00,2.40,0.47,1.38,0.37,0.98,1.76,1.09
2/9/2021 0:00:00,0.00,1.60,0.48,0.93,0.28,0.68,1.18,0.75
2/10/2021 0:00:00,0.00,1.60,0.48,0.93,0.32,0.71,1.19,0.77
2/11/2021 0:00:00,10.60,1.24,0.48,0.73,0.27,0.57,0.94,0.62
2/12/2021 0:00:00,1.00,1.24,0.48,0.74,0.30,0.59,0.95,0.64
2/13/2021 0:00:00,3.60,1.07,0.49,0.64,0.28,0.52,0.82,0.56
2/14/2021 0:00:00,1.60,1.16,0.49,0.70,0.33,0.58,0.89,0.62
2/15/2021 0:00:00,0.90,0.62,0.49,0.38,0.19,0.32,0.48,0.34
2/16/2021 0:00:00,0.00,1.42,0.50,0.87,0.47,0.76,1.12,0.80
2/17/2021 0:00:00,0.00,2.40,0.50,1.48,0.84,1.33,1.90,1.39
2/18/2021 0:00:00,0.00,2.40,0.50,1.48,0.77,1.27,1.89,1.33
2/19/2021 0:00:00,1.50,1.33,0.49,0.82,0.38,0.68,1.04,0.71
2/20/2021 0:00:00,0.30,1.69,0.49,1.04,0.43,0.82,1.31,0.85
2/21/2021 0:00:00,1.70,2.31,0.48,1.43,0.52,1.08,1.78,1.11
2/22/2021 0:00:00,1.60,2.93,0.48,1.82,0.56,1.30,2.25,1.34
2/23/2021 0:00:00,0.00,4.09,0.47,2.54,0.65,1.73,3.12,1.77
2/24/2021 0:00:00,0.00,2.58,0.47,1.60,0.33,1.04,1.95,1.05
2/25/2021 0:00:00,0.00,2.84,0.46,1.77,0.27,1.08,2.14,1.09
2/26/2021 0:00:00,0.00,2.58,0.46,1.56,0.25,1.03,1.94,1.11
2/27/2021 0:00:00,0.00,4.18,0.46,2.46,0.41,1.75,3.13,2.01
2/28/2021 0:00:00,0.00,3.82,0.46,2.19,0.38,1.68,2.86,2.03
3/1/2021 0:00:00,0.00,4.10,0.46,2.28,0.41,1.88,3.06,2.37
3/2/2021 0:00:00,0.00,2.55,0.46,1.38,0.26,1.22,1.90,1.60
3/3/2021 0:00:00,0.00,2.46,0.45,1.29,0.25,1.22,1.83,1.67
3/4/2021 0:00:00,0.00,2.46,0.45,1.25,0.26,1.27,1.82,1.79
3/5/2021 0:00:00,7.50,2.55,0.45,1.25,0.27,1.37,1.89,1.98
3/6/2021 0:00:00,0.00,1.91,0.50,1.18,1.44,1.26,1.52,1.88
3/7/2021 0:00:00,0.00,2.28,0.51,1.51,1.75,1.53,1.78,2.24
3/8/2021 0:00:00,0.00,1.82,0.52,1.28,1.43,1.24,1.41,1.79
3/9/2021 0:00:00,9.40,1.46,0.53,1.09,1.17,1.01,1.11,1.44
3/10/2021 0:00:00,11.80,1.18,0.53,0.94,0.97,0.83,0.89,1.17
3/11/2021 0:00:00,1.20,1.55,0.54,1.29,1.30,1.10,1.15,1.53
3/12/2021 0:00:00,0.00,2.55,0.55,2.24,2.18,1.84,1.86,2.52
3/13/2021 0:00:00,0.00,2.28,0.56,2.10,1.98,1.67,1.64,2.25
3/14/2021 0:00:00,10.70,1.09,0.55,0.97,0.89,0.79,0.80,1.05
3/15/2021 0:00:00,2.40,1.09,0.55,0.93,0.82,0.79,0.82,1.01
3/16/2021 0:00:00,0.00,2.09,0.55,1.72,1.46,1.50,1.60,1.88
3/17/2021 0:00:00,0.00,1.91,0.54,1.51,1.22,1.35,1.48,1.66
3/18/2021 0:00:00,15.50,1.46,0.54,1.10,0.84,1.02,1.15,1.22
3/19/2021 0:00:00,0.30,1.37,0.53,0.98,0.71,0.95,1.10,1.10
3/20/2021 0:00:00,0.00,2.18,0.53,1.50,1.01,1.51,1.79,1.70
3/21/2021 0:00:00,0.00,3.00,0.53,1.96,1.21,2.06,2.51,2.25
3/22/2021 0:00:00,0.00,2.37,0.53,1.53,0.77,1.70,1.87,1.87
3/23/2021 0:00:00,0.00,3.19,0.53,2.07,0.94,2.22,2.52,2.45
3/24/2021 0:00:00,0.00,3.64,0.52,2.39,0.97,2.45,2.89,2.72
3/25/2021 0:00:00,0.00,2.28,0.52,1.51,0.54,1.48,1.81,1.65
3/26/2021 0:00:00,0.00,3.46,0.52,2.31,0.72,2.16,2.76,2.43
3/27/2021 0:00:00,0.00,3.37,0.51,2.27,0.61,2.03,2.70,2.29
3/28/2021 0:00:00,0.00,3.73,0.51,2.54,0.57,2.16,3.00,2.46
3/29/2021 0:00:00,0.00,3.91,0.51,2.69,0.48,2.17,3.15,2.49
3/30/2021 0:00:00,0.00,4.92,0.51,3.35,0.76,2.73,3.96,3.24
3/31/2021 0:00:00,0.00,4.64,0.51,3.14,0.87,2.58,3.74,3.17
4/1/2021 0:00:00,0.00,4.37,0.52,2.94,0.96,2.43,3.52,3.09
4/2/2021 0:00:00,0.00,4.11,0.52,2.74,1.03,2.28,3.31,2.99
4/3/2021 0:00:00,0.00,3.39,0.53,2.25,0.96,1.88,2.73,2.55
4/4/2021 0:00:00,0.00,3.04,0.53,2.00,0.96,1.68,2.44,2.35
4/5/2021 0:00:00,0.00,2.95,0.54,1.92,1.03,1.63,2.37,2.35
4/6/2021 0:00:00,0.00,3.66,0.54,2.37,1.39,2.03,2.94,3.01
4/7/2021 0:00:00,0.00,3.48,0.52,2.39,1.74,2.30,2.70,2.68
4/8/2021 0:00:00,0.00,4.11,0.52,2.81,2.24,2.68,3.18,3.25
4/9/2021 0:00:00,0.00,3.66,0.53,2.49,2.17,2.35,2.83,2.99
4/10/2021 0:00:00,0.00,4.29,0.53,2.90,2.74,2.72,3.31,3.60
4/11/2021 0:00:00,0.00,4.64,0.54,3.13,3.18,2.91,3.58,4.01
4/12/2021 0:00:00,0.00,4.55,0.54,3.06,3.34,2.81,3.51,4.04
4/13/2021 0:00:00,0.00,3.48,0.55,2.33,2.71,2.12,2.68,3.17
4/14/2021 0:00:00,0.00,3.48,0.55,2.32,2.88,2.09,2.68,3.25
4/15/2021 0:00:00,0.00,3.93,0.56,2.65,3.03,2.30,2.99,3.61
4/16/2021 0:00:00,0.00,4.46,0.56,3.04,3.20,2.55,3.37,4.04
4/17/2021 0:00:00,0.00,5.09,0.56,3.51,3.36,2.83,3.81,4.54
4/18/2021 0:00:00,0.00,6.07,0.56,4.24,3.68,3.29,4.50,5.33
4/19/2021 0:00:00,0.00,4.91,0.56,3.47,2.71,2.58,3.61,4.24
4/20/2021 0:00:00,0.00,3.21,0.57,2.30,1.60,1.64,2.34,2.73
4/21/2021 0:00:00,0.00,3.84,0.57,2.77,1.70,1.91,2.77,3.20
4/22/2021 0:00:00,0.00,4.02,0.57,2.94,1.55,1.94,2.87,3.30
4/23/2021 0:00:00,0.00,3.75,0.55,2.62,1.74,1.92,2.51,3.46
4/24/2021 0:00:00,0.00,2.68,0.55,1.92,1.20,1.33,1.79,2.36
4/25/2021 0:00:00,3.70,1.61,0.56,1.18,0.69,0.78,1.07,1.35
4/26/2021 0:00:00,0.00,3.04,0.56,2.27,1.25,1.42,2.01,2.43
4/27/2021 0:00:00,0.00,4.11,0.56,3.14,1.63,1.87,2.71,3.12
4/28/2021 0:00:00,0.00,5.36,0.57,4.19,2.03,2.36,3.52,3.84
4/29/2021 0:00:00,0.00,5.62,0.57,4.49,2.03,2.40,3.68,3.80
4/30/2021 0:00:00,0.00,5.27,0.58,4.29,1.82,2.17,3.43,3.34
5/1/2021 0:00:00,0.00,4.16,0.57,3.35,1.27,1.64,2.67,2.55
5/2/2021 0:00:00,0.00,4.87,0.57,3.88,1.30,1.84,3.09,2.89
5/3/2021 0:00:00,0.00,6.72,0.57,5.31,1.54,2.43,4.21,3.85
5/4/2021 0:00:00,0.00,6.19,0.56,4.84,1.17,2.14,3.83,3.42
5/5/2021 0:00:00,0.00,5.57,0.56,4.31,0.84,1.83,3.40,2.96
5/6/2021 0:00:00,0.00,4.51,0.56,3.45,0.51,1.41,2.72,2.30
5/7/2021 0:00:00,0.00,4.69,0.55,3.54,0.34,1.38,2.78,2.30
5/8/2021 0:00:00,0.00,6.99,0.55,5.22,0.24,1.95,4.09,3.28
5/9/2021 0:00:00,0.00,6.28,0.48,3.87,1.84,2.84,3.17,3.13
5/10/2021 0:00:00,0.00,6.19,0.48,3.80,2.11,2.91,3.00,3.49
5/11/2021 0:00:00,0.00,6.02,0.48,3.68,2.34,2.94,2.79,3.78
5/12/2021 0:00:00,0.00,6.10,0.48,3.72,2.67,3.10,2.70,4.23
5/13/2021 0:00:00,0.00,5.57,0.48,3.39,2.70,2.94,2.35,4.22
5/14/2021 0:00:00,0.00,4.87,0.48,2.95,2.59,2.66,1.95,4.00
5/15/2021 0:00:00,0.00,3.45,0.48,2.08,2.00,1.95,1.31,3.06
5/16/2021 0:00:00,0.00,4.07,0.48,2.45,2.56,2.38,1.46,3.87
5/17/2021 0:00:00,0.00,4.25,0.48,2.55,2.54,2.32,1.50,3.82
5/18/2021 0:00:00,0.00,5.04,0.48,3.03,2.85,2.56,1.76,4.27
5/19/2021 0:00:00,0.00,3.89,0.48,2.34,2.08,1.82,1.34,3.09
5/20/2021 0:00:00,0.00,4.25,0.48,2.55,2.13,1.83,1.44,3.15
5/21/2021 0:00:00,0.00,4.42,0.48,2.65,2.08,1.73,1.48,3.05
5/22/2021 0:00:00,0.00,4.51,0.48,2.71,1.98,1.59,1.49,2.88
5/23/2021 0:00:00,0.00,4.25,0.47,2.55,1.73,1.34,1.38,2.49
5/24/2021 0:00:00,0.00,5.49,0.47,3.29,2.06,1.52,1.76,2.93
5/25/2021 0:00:00,0.00,4.51,0.47,2.61,3.02,2.39,1.32,3.13
5/26/2021 0:00:00,0.00,5.75,0.46,3.25,3.42,2.87,1.59,3.74
5/27/2021 0:00:00,0.00,5.04,0.45,2.79,2.62,2.35,1.32,3.07
5/28/2021 0:00:00,0.00,4.78,0.45,2.58,2.12,2.08,1.17,2.70
5/29/2021 0:00:00,0.00,4.42,0.44,2.33,1.64,1.78,1.01,2.31
5/30/2021 0:00:00,0.00,6.28,0.43,3.23,1.85,2.33,1.34,3.02
5/31/2021 0:00:00,0.00,7.34,0.42,3.68,1.61,2.49,1.45,3.22
6/1/2021 0:00:00,0.00,7.05,0.42,3.45,1.02,2.17,1.28,2.79
6/2/2021 0:00:00,0.00,6.51,0.42,3.23,1.13,2.12,1.22,2.83
6/3/2021 0:00:00,0.00,6.51,0.43,3.28,1.31,2.25,1.26,3.09
6/4/2021 0:00:00,0.00,6.51,0.43,3.33,1.49,2.37,1.29,3.34
6/5/2021 0:00:00,0.00,6.51,0.43,3.37,1.67,2.49,1.33,3.59
6/6/2021 0:00:00,0.00,5.80,0.44,3.05,1.65,2.33,1.21,3.43
6/7/2021 0:00:00,0.00,4.64,0.44,2.47,1.45,1.95,1.00,2.92
6/8/2021 0:00:00,0.00,4.19,0.45,2.26,1.43,1.84,0.92,2.80
6/9/2021 0:00:00,0.00,4.10,0.45,2.25,1.51,1.88,0.93,2.90
6/10/2021 0:00:00,0.00,4.64,0.44,2.41,3.38,2.43,0.75,2.83
6/11/2021 0:00:00,0.00,5.08,0.44,2.63,3.23,2.43,0.82,2.87
6/12/2021 0:00:00,0.00,5.44,0.43,2.81,2.95,2.36,0.88,2.82
6/13/2021 0:00:00,0.00,5.08,0.42,2.61,2.28,1.97,0.82,2.40
6/14/2021 0:00:00,0.00,4.64,0.41,2.38,1.65,1.59,0.75,1.97
6/15/2021 0:00:00,0.00,6.87,0.40,3.51,1.81,2.05,1.12,2.61
6/16/2021 0:00:00,0.00,7.67,0.40,3.91,1.31,1.94,1.25,2.56
6/17/2021 0:00:00,0.00,9.10,0.39,4.62,0.71,1.89,1.49,2.61
6/18/2021 0:00:00,0.00,8.12,0.39,4.13,0.73,1.79,1.38,2.60
6/19/2021 0:00:00,0.00,8.12,0.40,4.14,0.83,1.89,1.43,2.87
6/20/2021 0:00:00,0.00,7.49,0.41,3.83,0.86,1.84,1.37,2.90
6/21/2021 0:00:00,0.00,6.15,0.41,3.16,0.79,1.59,1.16,2.58
6/22/2021 0:00:00,0.00,5.08,0.42,2.61,0.71,1.38,0.99,2.30
6/23/2021 0:00:00,0.00,4.91,0.42,2.53,0.75,1.39,0.99,2.39
6/24/2021 0:00:00,0.00,5.00,0.43,2.58,0.82,1.48,1.04,2.59
6/25/2021 0:00:00,0.00,5.80,0.44,3.00,1.03,1.79,1.25,3.20
6/26/2021 0:00:00,0.00,6.87,0.37,3.01,2.13,1.17,0.91,2.37
6/27/2021 0:00:00,0.00,6.69,0.37,2.93,1.79,1.23,0.90,2.39
6/28/2021 0:00:00,0.00,6.51,0.37,2.86,1.46,1.28,0.88,2.40
6/29/2021 0:00:00,0.00,6.87,0.37,3.01,1.25,1.44,0.94,2.61
6/30/2021 0:00:00,0.00,5.35,0.37,2.35,0.74,1.19,0.74,2.10
7/1/2021 0:00:00,0.00,5.43,0.37,2.38,0.52,1.28,0.76,2.19
7/2/2021 0:00:00,0.00,5.94,0.38,2.61,0.31,1.48,0.84,2.47
7/3/2021 0:00:00,0.00,5.69,0.38,2.49,0.05,1.49,0.81,2.43
7/4/2021 0:00:00,0.00,5.69,0.38,2.54,0.06,1.48,0.85,2.39
7/5/2021 0:00:00,0.00,6.03,0.39,2.74,0.07,1.56,0.94,2.48
7/6/2021 0:00:00,0.00,5.86,0.39,2.71,0.08,1.51,0.94,2.37
7/7/2021 0:00:00,0.00,5.94,0.39,2.80,0.09,1.52,0.99,2.36
7/8/2021 0:00:00,0.00,7.67,0.40,3.68,0.12,1.94,1.33,2.98
7/9/2021 0:00:00,0.00,8.44,0.40,4.12,0.15,2.12,1.51,3.22
7/10/2021 0:00:00,0.00,8.87,0.41,4.40,0.17,2.21,1.64,3.31
7/11/2021 0:00:00,0.00,7.75,0.41,3.91,0.16,1.92,1.48,2.83
7/12/2021 0:00:00,0.00,6.81,0.40,3.32,0.43,2.22,0.86,2.56
7/13/2021 0:00:00,0.00,5.69,0.38,2.66,0.61,2.03,0.69,2.04
7/14/2021 0:00:00,0.00,5.86,0.37,2.63,0.89,2.28,0.69,2.00
7/15/2021 0:00:00,0.00,5.60,0.36,2.41,1.11,2.35,0.64,1.82
7/16/2021 0:00:00,0.00,6.03,0.35,2.48,1.46,2.72,0.66,1.86
7/17/2021 0:00:00,0.00,6.81,0.33,2.66,1.95,3.29,0.72,1.98
7/18/2021 0:00:00,0.00,7.15,0.32,2.66,2.38,3.68,0.73,1.96
7/19/2021 0:00:00,0.00,6.98,0.31,2.46,2.63,3.81,0.68,1.79
7/20/2021 0:00:00,0.00,6.72,0.32,2.46,3.08,3.44,0.72,1.89
7/21/2021 0:00:00,0.00,6.72,0.33,2.55,3.64,3.21,0.78,2.06
7/22/2021 0:00:00,0.00,6.72,0.35,2.64,4.19,2.97,0.84,2.23
7/23/2021 0:00:00,0.00,7.15,0.36,2.91,5.04,2.92,0.96,2.55
7/24/2021 0:00:00,0.00,7.06,0.37,2.97,5.56,2.64,1.01,2.69
7/25/2021 0:00:00,0.00,7.15,0.38,3.10,6.21,2.43,1.09,2.90
7/26/2021 0:00:00,0.00,6.55,0.40,2.93,6.23,2.00,1.05,2.82
7/27/2021 0:00:00,0.00,5.51,0.41,2.54,5.70,1.50,0.94,2.51
7/28/2021 0:00:00,0.00,6.29,0.33,2.36,0.32,1.15,0.68,1.69
7/29/2021 0:00:00,0.00,7.41,0.34,2.90,0.42,1.48,0.81,2.10
7/30/2021 0:00:00,0.00,7.06,0.35,2.87,0.43,1.53,0.78,2.11
7/31/2021 0:00:00,0.00,6.46,0.36,2.73,0.43,1.51,0.73,2.02
8/1/2021 0:00:00,0.00,5.28,0.36,2.31,0.38,1.32,0.60,1.73
8/2/2021 0:00:00,0.00,5.36,0.37,2.44,0.41,1.43,0.62,1.84
8/3/2021 0:00:00,0.00,6.79,0.38,3.19,0.55,1.92,0.80,2.43
8/4/2021 0:00:00,0.00,6.03,0.39,2.93,0.52,1.81,0.72,2.24
8/5/2021 0:00:00,0.00,5.03,0.39,2.44,0.38,1.47,0.64,1.85
8/6/2021 0:00:00,0.00,6.45,0.39,3.12,0.43,1.84,0.88,2.34
8/7/2021 0:00:00,0.00,6.20,0.39,2.99,0.35,1.72,0.90,2.23
8/8/2021 0:00:00,0.00,6.12,0.39,2.94,0.28,1.65,0.94,2.17
8/9/2021 0:00:00,0.00,5.95,0.39,2.85,0.21,1.56,0.97,2.08
8/10/2021 0:00:00,0.00,6.28,0.39,3.00,0.16,1.59,1.08,2.17
8/11/2021 0:00:00,0.00,6.28,0.39,3.00,0.10,1.55,1.13,2.15
8/12/2021 0:00:00,0.00,6.70,0.39,3.19,0.04,1.60,1.27,2.26
8/13/2021 0:00:00,0.00,6.37,0.34,2.69,0.02,2.04,0.67,1.83
8/14/2021 0:00:00,0.00,6.70,0.34,2.83,0.08,2.07,0.73,1.95
8/15/2021 0:00:00,0.00,7.04,0.35,2.97,0.14,2.09,0.80,2.06
8/16/2021 0:00:00,0.00,6.70,0.35,2.83,0.20,1.92,0.80,1.97
8/17/2021 0:00:00,0.00,5.28,0.35,2.23,0.20,1.45,0.65,1.57
8/18/2021 0:00:00,0.00,4.86,0.35,2.05,0.23,1.28,0.62,1.45
8/19/2021 0:00:00,0.00,5.11,0.36,2.16,0.28,1.29,0.68,1.54
8/20/2021 0:00:00,0.00,4.69,0.36,1.98,0.30,1.13,0.64,1.42
8/21/2021 0:00:00,0.00,4.10,0.36,1.73,0.30,0.94,0.58,1.25
8/22/2021 0:00:00,0.00,4.44,0.36,1.87,0.36,0.97,0.65,1.36
8/23/2021 0:00:00,0.00,4.69,0.37,1.98,0.43,0.97,0.71,1.45
8/24/2021 0:00:00,0.00,4.69,0.37,1.98,0.47,0.92,0.73,1.46
8/25/2021 0:00:00,0.00,4.61,0.37,1.94,0.50,0.85,0.74,1.44
8/26/2021 0:00:00,0.00,5.95,0.37,2.50,0.70,1.03,0.98,1.88
8/27/2021 0:00:00,0.00,6.87,0.38,2.89,0.86,1.11,1.16,2.18
8/28/2021 0:00:00,0.00,6.53,0.38,2.75,0.88,0.98,1.13,2.09
8/29/2021 0:00:00,0.00,6.53,0.37,2.82,0.12,0.84,0.85,1.78
8/30/2021 0:00:00,0.00,6.45,0.37,2.75,0.35,0.83,0.84,1.74
8/31/2021 0:00:00,0.00,5.95,0.36,2.49,0.52,0.77,0.78,1.59
9/1/2021 0:00:00,0.00,4.29,0.36,1.77,0.53,0.55,0.56,1.14
9/2/2021 0:00:00,0.00,4.04,0.36,1.64,0.64,0.52,0.53,1.06
9/3/2021 0:00:00,0.00,5.13,0.36,2.05,0.99,0.66,0.68,1.34
9/4/2021 0:00:00,0.00,5.13,0.36,2.02,1.16,0.66,0.68,1.33
9/5/2021 0:00:00,0.00,6.06,0.36,2.34,1.58,0.78,0.80,1.56
9/6/2021 0:00:00,0.00,6.56,0.36,2.59,1.53,0.86,0.89,1.74
9/7/2021 0:00:00,0.00,7.82,0.37,3.16,1.61,1.05,1.07,2.13
9/8/2021 0:00:00,0.00,6.98,0.37,2.88,1.24,0.95,0.98,1.96
9/9/2021 0:00:00,0.00,6.06,0.38,2.55,0.91,0.84,0.86,1.75
9/10/2021 0:00:00,0.00,4.46,0.38,1.92,0.55,0.63,0.64,1.32
9/11/2021 0:00:00,0.00,4.88,0.39,2.14,0.47,0.71,0.72,1.48
9/12/2021 0:00:00,0.00,5.55,0.39,2.49,0.38,0.82,0.83,1.73
9/13/2021 0:00:00,0.00,5.89,0.40,2.69,0.24,0.89,0.89,1.88
9/14/2021 0:00:00,0.00,5.38,0.36,2.12,0.58,0.90,0.62,1.53
9/15/2021 0:00:00,0.00,5.13,0.36,1.99,0.49,0.85,0.63,1.48
9/16/2021 0:00:00,0.00,4.04,0.36,1.55,0.33,0.66,0.52,1.18
9/17/2021 0:00:00,0.00,3.95,0.36,1.50,0.27,0.64,0.54,1.18
9/18/2021 0:00:00,0.00,2.94,0.36,1.10,0.16,0.47,0.42,0.89
9/19/2021 0:00:00,0.00,3.11,0.36,1.15,0.13,0.50,0.47,0.95
9/20/2021 0:00:00,0.00,5.05,0.36,1.85,0.14,0.80,0.79,1.57
9/21/2021 0:00:00,0.00,4.88,0.36,1.76,0.06,0.77,0.80,1.54
9/22/2021 0:00:00,0.00,4.88,0.37,1.84,0.07,0.71,0.82,1.57
9/23/2021 0:00:00,0.00,4.88,0.38,1.92,0.07,0.65,0.84,1.60
9/24/2021 0:00:00,0.00,4.71,0.38,1.93,0.08,0.57,0.83,1.57
9/25/2021 0:00:00,0.00,3.95,0.39,1.69,0.07,0.43,0.71,1.34
9/26/2021 0:00:00,0.00,3.36,0.40,1.49,0.06,0.33,0.62,1.17
9/27/2021 0:00:00,0.00,2.19,0.41,1.00,0.04,0.19,0.41,0.77
9/28/2021 0:00:00,0.00,3.62,0.41,1.72,0.07,0.27,0.70,1.30
9/29/2021 0:00:00,0.00,4.29,0.42,2.11,0.09,0.26,0.84,1.56
9/30/2021 0:00:00,0.00,4.63,0.31,1.40,0.09,0.23,0.51,0.97
10/1/2021 0:00:00,0.00,4.39,0.32,1.38,0.08,0.23,0.51,0.97
10/2/2021 0:00:00,0.00,3.96,0.33,1.29,0.07,0.22,0.48,0.91
10/3/2021 0:00:00,0.00,4.05,0.33,1.36,0.07,0.23,0.51,0.97
10/4/2021 0:00:00,0.00,4.65,0.34,1.62,0.08,0.28,0.61,1.16
10/5/2021 0:00:00,0.00,3.70,0.35,1.33,0.06,0.23,0.50,0.96
10/6/2021 0:00:00,0.00,2.76,0.35,1.02,0.04,0.18,0.39,0.74
10/7/2021 0:00:00,0.00,3.27,0.36,1.25,0.05,0.23,0.47,0.91
10/8/2021 0:00:00,0.00,3.02,0.37,1.18,0.04,0.22,0.45,0.87
10/9/2021 0:00:00,0.00,2.93,0.37,1.18,0.04,0.22,0.45,0.87
10/10/2021 0:00:00,0.00,3.53,0.38,1.47,0.05,0.27,0.56,1.09
10/11/2021 0:00:00,0.00,5.00,0.38,2.13,0.06,0.40,0.82,1.58
10/12/2021 0:00:00,0.00,4.91,0.39,2.15,0.06,0.41,0.83,1.60
10/13/2021 0:00:00,0.00,3.19,0.40,1.43,0.04,0.27,0.56,1.07
10/14/2021 0:00:00,0.00,3.62,0.40,1.66,0.04,0.32,0.65,1.25
10/15/2021 0:00:00,0.00,3.62,0.41,1.70,0.04,0.33,0.67,1.29
10/16/2021 0:00:00,0.00,4.22,0.30,1.19,0.00,0.29,0.43,0.75
10/17/2021 0:00:00,0.40,2.67,0.30,0.75,0.40,0.20,0.28,0.72
10/18/2021 0:00:00,0.30,2.07,0.30,0.58,0.61,0.16,0.23,0.74
10/19/2021 0:00:00,0.00,2.67,0.30,0.75,1.19,0.23,0.30,1.20
10/20/2021 0:00:00,7.00,2.15,0.30,0.61,1.27,0.20,0.25,1.17
10/21/2021 0:00:00,2.00,1.81,0.30,0.51,1.34,0.17,0.22,1.14
10/22/2021 0:00:00,2.40,1.03,0.30,0.29,0.92,0.11,0.13,0.75
10/23/2021 0:00:00,1.60,1.29,0.29,0.37,1.34,0.14,0.16,1.05
10/24/2021 0:00:00,98.00,0.26,0.30,0.08,0.26,0.03,0.04,0.21
10/25/2021 0:00:00,11.30,1.03,0.31,0.32,0.99,0.12,0.17,0.86
10/26/2021 0:00:00,0.00,1.29,0.32,0.42,1.20,0.16,0.24,1.08
10/27/2021 0:00:00,0.00,2.41,0.33,0.82,2.15,0.31,0.50,2.04
10/28/2021 0:00:00,0.00,0.69,0.34,0.24,0.59,0.09,0.16,0.59
10/29/2021 0:00:00,0.00,0.69,0.35,0.25,0.56,0.10,0.17,0.59
10/30/2021 0:00:00,0.00,0.60,0.36,0.23,0.47,0.09,0.16,0.53
10/31/2021 0:00:00,0.00,1.29,0.37,0.51,0.96,0.20,0.37,1.14
11/1/2021 0:00:00,6.40,0.87,0.38,0.36,0.62,0.14,0.27,0.77
11/2/2021 0:00:00,0.00,1.13,0.39,0.48,0.76,0.18,0.37,1.01
11/3/2021 0:00:00,2.80,1.74,0.40,0.76,1.10,0.29,0.60,1.57
11/4/2021 0:00:00,0.00,1.21,0.41,0.55,0.73,0.21,0.45,1.11
11/5/2021 0:00:00,0.00,1.91,0.42,0.89,1.08,0.34,0.74,1.76
11/6/2021 0:00:00,0.00,1.56,0.43,0.75,0.82,0.29,0.64,1.45
11/7/2021 0:00:00,0.00,1.82,0.44,0.90,0.90,0.35,0.78,1.71
11/8/2021 0:00:00,10.90,2.26,0.45,1.15,1.03,0.44,1.01,2.13
11/9/2021 0:00:00,2.60,1.30,0.46,0.68,0.55,0.26,0.61,1.24
11/10/2021 0:00:00,0.00,1.65,0.47,0.89,0.63,0.34,0.81,1.59
11/11/2021 0:00:00,0.00,2.26,0.48,1.24,0.78,0.48,1.15,2.19
11/12/2021 0:00:00,0.00,2.52,0.49,1.42,0.78,0.55,1.33,2.46
11/13/2021 0:00:00,0.00,2.95,0.50,1.71,0.81,0.66,1.62,2.91
11/14/2021 0:00:00,0.00,2.86,0.51,1.70,0.68,0.65,1.63,2.85
11/15/2021 0:00:00,0.00,2.00,0.52,1.21,0.40,0.47,1.18,2.00
11/16/2021 0:00:00,0.00,1.56,0.53,0.97,0.26,0.37,0.95,1.58
11/17/2021 0:00:00,0.00,1.56,0.50,0.90,0.14,0.66,0.91,1.20
11/18/2021 0:00:00,0.00,1.21,0.51,0.72,0.10,0.48,0.72,0.85
11/19/2021 0:00:00,0.00,1.48,0.51,0.90,0.10,0.55,0.89,0.94
11/20/2021 0:00:00,0.00,1.48,0.51,0.92,0.08,0.52,0.90,0.84
11/21/2021 0:00:00,0.00,2.78,0.52,1.79,0.11,0.91,1.72,1.41
11/22/2021 0:00:00,0.00,2.60,0.52,1.72,0.07,0.80,1.63,1.15
11/23/2021 0:00:00,0.00,2.34,0.53,1.59,0.03,0.66,1.49,0.88
11/24/2021 0:00:00,0.00,2.60,0.53,1.81,0.00,0.67,1.68,0.81
11/25/2021 0:00:00,0.00,2.26,0.53,1.53,0.05,0.57,1.45,0.80
11/26/2021 0:00:00,0.00,2.17,0.53,1.43,0.10,0.54,1.39,0.85
11/27/2021 0:00:00,0.00,2.52,0.53,1.62,0.17,0.61,1.61,1.09
11/28/2021 0:00:00,0.00,2.08,0.53,1.30,0.18,0.50,1.33,0.98
11/29/2021 0:00:00,0.00,2.69,0.53,1.64,0.30,0.63,1.72,1.38
11/30/2021 0:00:00,0.00,2.60,0.53,1.54,0.34,0.60,1.66,1.43
12/1/2021 0:00:00,0.00,2.74,0.53,1.57,0.42,0.61,1.75,1.62
12/2/2021 0:00:00,0.00,1.55,0.53,0.87,0.27,0.34,0.99,0.98
12/3/2021 0:00:00,0.00,1.46,0.48,0.84,0.09,0.18,0.83,0.86
12/4/2021 0:00:00,0.00,1.46,0.49,0.83,0.08,0.31,0.85,0.95
12/5/2021 0:00:00,0.00,2.47,0.49,1.41,0.12,0.75,1.45,1.74
12/6/2021 0:00:00,1.10,1.64,0.49,0.94,0.08,0.65,0.98,1.25
12/7/2021 0:00:00,0.00,0.82,0.49,0.47,0.03,0.40,0.50,0.67
12/8/2021 0:00:00,6.40,0.73,0.49,0.42,0.03,0.42,0.45,0.64
12/9/2021 0:00:00,1.70,0.46,0.50,0.26,0.02,0.30,0.29,0.43
12/10/2021 0:00:00,0.00,0.91,0.50,0.52,0.03,0.69,0.58,0.90
12/11/2021 0:00:00,0.00,1.19,0.50,0.68,0.04,0.84,0.76,1.14
12/12/2021 0:00:00,11.70,0.55,0.51,0.32,0.02,0.36,0.35,0.51
12/13/2021 0:00:00,47.80,0.18,0.52,0.11,0.01,0.11,0.12,0.17
12/14/2021 0:00:00,2.00,0.46,0.52,0.27,0.03,0.26,0.30,0.40
12/15/2021 0:00:00,14.20,0.64,0.53,0.38,0.04,0.33,0.42,0.55
12/16/2021 0:00:00,0.70,0.55,0.53,0.33,0.04,0.26,0.36,0.46
12/17/2021 0:00:00,0.00,1.01,0.54,0.61,0.08,0.43,0.67,0.81
12/18/2021 0:00:00,0.00,1.10,0.55,0.67,0.09,0.41,0.73,0.85
12/19/2021 0:00:00,0.00,1.01,0.52,0.61,0.03,0.25,0.62,0.65
12/20/2021 0:00:00,0.00,0.64,0.52,0.39,0.02,0.16,0.40,0.41
12/21/2021 0:00:00,7.80,1.19,0.52,0.73,0.03,0.30,0.74,0.74
12/22/2021 0:00:00,12.70,1.10,0.53,0.68,0.03,0.27,0.69,0.67
12/23/2021 0:00:00,32.70,0.91,0.53,0.57,0.02,0.23,0.58,0.55
12/24/2021 0:00:00,3.60,0.37,0.53,0.23,0.01,0.09,0.23,0.21
12/25/2021 0:00:00,22.80,0.27,0.53,0.17,0.01,0.07,0.18,0.16
12/26/2021 0:00:00,10.90,0.55,0.53,0.35,0.01,0.14,0.36,0.31
12/27/2021 0:00:00,12.70,0.27,0.53,0.18,0.01,0.07,0.18,0.15
12/28/2021 0:00:00,1.80,0.55,0.54,0.35,0.01,0.14,0.36,0.29
12/29/2021 0:00:00,7.30,0.46,0.54,0.30,0.01,0.12,0.30,0.24
12/30/2021 0:00:00,0.00,0.73,0.54,0.47,0.01,0.19,0.49,0.37
12/31/2021 0:00:00,0.00,0.64,0.54,0.42,0.01,0.17,0.43,0.32