BORR - Fluxes,,,,,,,,,,,
Date,Arbor Precip (mm/day),Barn Precip (mm/day),OSO Precip (mm/day),NDC Q (mm/day),SDC Q (mm/day),NDC Arbor PET (mm/day),NDC Barn PET (mm/day),SDC Arbor PET (mm/day),SDC Barn PET (mm/day),NDC PML AET (mm/day),SDC PML AET (mm/day)
10/1/2020,0.00,0.00,0.00,0.00,0.00,0.87,1.58,0.68,1.23,0.89,0.81
10/2/2020,0.00,0.00,0.00,0.00,0.00,0.72,1.49,0.56,1.16,0.86,0.78
10/3/2020,0.00,0.00,0.00,0.00,0.00,0.92,1.77,0.72,1.38,0.82,0.74
10/4/2020,0.00,0.00,0.00,0.00,0.00,1.02,2.11,0.79,1.64,0.79,0.71
10/5/2020,0.00,0.00,0.00,0.00,0.00,0.92,1.95,0.71,1.52,0.76,0.68
10/6/2020,0.00,0.00,0.00,0.00,0.00,0.55,1.43,0.43,1.11,0.73,0.66
10/7/2020,0.00,0.00,0.00,0.00,0.00,0.64,1.38,0.50,1.07,0.70,0.63
10/8/2020,0.00,0.00,0.00,0.00,0.00,0.74,1.00,0.58,0.78,0.70,0.63
10/9/2020,0.02,0.00,0.25,0.00,0.00,0.54,1.02,0.42,0.79,0.70,0.63
10/10/2020,0.00,0.00,0.00,0.00,0.00,0.51,1.04,0.40,0.81,0.70,0.63
10/11/2020,0.03,0.00,0.00,0.00,0.00,0.85,1.48,0.66,1.15,0.70,0.63
10/12/2020,0.00,0.00,0.00,0.00,0.00,0.98,1.75,0.77,1.36,0.70,0.63
10/13/2020,0.00,0.00,0.00,0.00,0.00,0.87,1.72,0.67,1.34,0.70,0.63
10/14/2020,0.00,0.00,0.00,0.00,0.00,0.91,1.79,0.70,1.39,0.70,0.63
10/15/2020,0.00,0.00,0.00,0.00,0.00,0.96,1.75,0.75,1.36,0.70,0.63
10/16/2020,0.00,0.00,0.00,0.00,0.00,0.99,1.71,0.77,1.33,0.68,0.61
10/17/2020,0.00,0.00,0.00,0.00,0.00,0.96,1.74,0.75,1.35,0.65,0.59
10/18/2020,0.00,0.00,0.00,0.00,0.00,0.92,1.72,0.72,1.33,0.63,0.56
10/19/2020,0.00,0.00,0.00,0.00,0.00,0.81,1.53,0.63,1.19,0.60,0.54
10/20/2020,0.00,0.00,0.00,0.00,0.00,0.81,1.54,0.63,1.20,0.58,0.52
10/21/2020,0.00,0.00,0.00,0.00,0.00,0.82,1.53,0.64,1.19,0.56,0.49
10/22/2020,0.00,0.00,0.00,0.00,0.00,0.74,1.38,0.58,1.07,0.53,0.47
10/23/2020,0.00,0.00,0.00,0.00,0.00,0.78,1.12,0.60,0.87,0.51,0.45
10/24/2020,0.00,0.00,0.00,0.00,0.00,0.55,1.05,0.43,0.82,0.51,0.45
10/25/2020,0.00,0.00,0.00,0.00,0.00,0.40,0.65,0.31,0.50,0.50,0.44
10/26/2020,0.00,0.00,0.00,0.00,0.00,0.73,1.10,0.57,0.85,0.50,0.44
10/27/2020,0.00,0.00,0.00,0.00,0.00,0.79,1.23,0.61,0.96,0.50,0.43
10/28/2020,0.00,0.00,0.00,0.00,0.00,0.72,1.20,0.56,0.94,0.51,0.45
10/29/2020,0.00,0.00,0.00,0.00,0.00,0.77,1.24,0.60,0.97,0.51,0.45
10/30/2020,0.00,0.00,0.00,0.00,0.00,0.72,1.22,0.56,0.95,0.50,0.44
10/31/2020,0.00,0.00,0.00,0.00,0.00,0.80,1.30,0.62,1.01,0.50,0.44
11/1/2020,0.00,0.00,0.00,0.00,0.00,0.78,1.25,0.61,0.97,0.49,0.43
11/2/2020,0.00,0.00,0.00,0.00,0.00,0.82,1.38,0.64,1.07,0.46,0.40
11/3/2020,0.00,0.00,0.00,0.00,0.00,0.70,1.19,0.55,0.93,0.43,0.38
11/4/2020,0.00,0.00,0.00,0.00,0.00,0.65,1.12,0.51,0.87,0.43,0.37
11/5/2020,0.00,0.00,0.00,0.00,0.00,0.80,1.21,0.63,0.94,0.42,0.36
11/6/2020,0.56,0.00,0.00,0.00,0.00,0.38,0.51,0.29,0.40,0.39,0.34
11/7/2020,0.53,1.02,0.00,0.00,0.00,0.32,0.44,0.25,0.35,0.38,0.32
11/8/2020,0.15,1.02,0.00,0.00,0.00,0.17,0.40,0.13,0.31,0.34,0.30
11/9/2020,0.39,0.25,0.00,0.00,0.00,0.40,0.67,0.31,0.52,0.36,0.32
11/10/2020,0.00,0.00,0.00,0.00,0.00,0.51,0.77,0.40,0.60,0.40,0.35
11/11/2020,0.14,0.00,0.00,0.00,0.00,0.22,0.00,0.17,0.00,0.42,0.37
11/12/2020,0.00,0.00,0.00,0.00,0.00,0.49,,0.38,,0.45,0.42
11/13/2020,17.07,0.00,5.59,0.00,0.00,0.17,,0.13,,0.48,0.44
11/14/2020,0.03,0.00,0.25,0.00,0.00,0.49,,0.38,,0.50,0.46
11/15/2020,0.00,0.00,0.00,0.00,0.00,0.58,,0.45,,0.53,0.49
11/16/2020,0.00,0.00,0.00,0.00,0.00,0.85,,0.66,,0.55,0.51
11/17/2020,25.62,0.00,11.43,0.00,0.00,0.25,,0.19,,0.54,0.50
11/18/2020,17.88,0.00,2.29,0.00,0.00,0.13,,0.10,,0.52,0.50
11/19/2020,0.03,0.00,0.25,0.00,0.00,0.43,0.98,0.34,0.76,0.51,0.47
11/20/2020,0.00,0.00,0.00,0.00,0.00,0.40,0.61,0.31,0.47,0.50,0.47
11/21/2020,0.00,0.00,0.00,0.00,0.00,0.34,0.56,0.26,0.44,0.50,0.46
11/22/2020,0.00,0.00,0.00,0.00,0.00,0.50,0.79,0.39,0.61,0.49,0.44
11/23/2020,0.07,0.00,0.25,0.00,0.00,0.29,0.36,0.22,0.28,0.47,0.43
11/24/2020,0.00,0.00,0.00,0.00,0.00,0.46,0.70,0.36,0.54,0.46,0.42
11/25/2020,0.00,0.25,0.00,0.00,0.00,0.38,0.52,0.30,0.40,0.45,0.42
11/26/2020,0.00,0.00,0.00,0.00,0.00,0.41,0.67,0.32,0.52,0.44,0.41
11/27/2020,0.00,0.00,0.00,0.00,0.00,0.49,0.73,0.38,0.57,0.44,0.41
11/28/2020,0.00,0.00,0.00,0.00,0.00,0.51,0.76,0.40,0.59,0.43,0.41
11/29/2020,0.00,0.00,0.00,0.00,0.00,0.52,0.79,0.40,0.61,0.43,0.40
11/30/2020,0.00,0.00,0.00,0.00,0.00,0.59,0.80,0.46,0.62,0.42,0.40
12/1/2020,0.00,0.00,0.00,0.00,0.00,0.52,0.73,0.40,0.57,0.41,0.39
12/2/2020,0.00,0.00,0.00,0.00,0.00,0.43,0.68,0.34,0.53,0.40,0.39
12/3/2020,0.00,0.00,0.00,0.00,0.00,0.45,0.70,0.35,0.54,0.40,0.38
12/4/2020,0.00,0.00,0.00,0.00,0.00,0.51,0.78,0.40,0.61,0.40,0.38
12/5/2020,0.00,0.00,0.00,0.00,0.00,0.40,0.61,0.31,0.48,0.38,0.38
12/6/2020,0.00,0.00,0.00,0.00,0.00,0.39,0.56,0.31,0.43,0.39,0.38
12/7/2020,0.00,0.00,0.00,0.00,0.00,0.58,0.77,0.45,0.60,0.39,0.36
12/8/2020,0.00,0.00,0.00,0.00,0.00,0.53,0.83,0.41,0.65,0.38,0.36
12/9/2020,0.00,0.00,0.00,0.00,0.01,0.55,0.77,0.42,0.60,0.38,0.36
12/10/2020,0.00,0.00,0.00,0.00,0.02,0.52,0.70,0.41,0.54,0.36,0.35
12/11/2020,20.83,14.73,6.10,0.00,0.03,0.20,0.30,0.15,0.24,0.35,0.34
12/12/2020,11.71,12.19,1.02,0.00,0.09,0.19,0.40,0.15,0.31,0.33,0.32
12/13/2020,23.90,21.59,21.59,0.00,0.10,0.02,0.04,0.02,0.03,0.30,0.30
12/14/2020,0.00,0.25,0.00,0.00,0.06,0.27,0.48,0.21,0.37,0.29,0.28
12/15/2020,0.00,0.00,0.00,0.00,0.04,0.31,0.46,0.24,0.36,0.27,0.27
12/16/2020,0.00,0.00,2.79,0.00,0.06,0.35,0.59,0.27,0.46,0.25,0.26
12/17/2020,20.01,14.99,12.70,0.00,0.13,0.05,0.13,0.04,0.10,0.22,0.23
12/18/2020,0.00,0.00,0.00,0.00,0.06,0.40,0.57,0.31,0.44,0.21,0.23
12/19/2020,0.00,0.00,0.00,0.00,0.06,0.47,0.64,0.37,0.50,0.23,0.25
12/20/2020,0.00,0.00,0.00,0.00,0.06,0.55,0.72,0.43,0.56,0.27,0.28
12/21/2020,0.00,0.00,0.00,0.00,0.05,0.61,0.77,0.48,0.60,0.30,0.32
12/22/2020,0.00,0.00,0.00,0.00,0.05,0.45,0.59,0.35,0.46,0.33,0.36
12/23/2020,0.00,0.00,0.00,0.00,0.04,0.37,0.55,0.29,0.42,0.36,0.38
12/24/2020,0.00,0.00,0.00,0.00,0.04,0.32,0.47,0.25,0.37,0.41,0.42
12/25/2020,0.03,0.00,5.84,0.00,0.04,0.07,0.13,0.06,0.10,0.44,0.45
12/26/2020,0.71,0.51,0.00,0.00,0.05,0.20,0.35,0.16,0.27,0.47,0.48
12/27/2020,0.00,0.00,0.00,0.00,0.05,0.35,0.48,0.27,0.37,0.47,0.48
12/28/2020,1.39,4.57,1.02,0.00,0.05,0.13,0.26,0.10,0.20,0.47,0.47
12/29/2020,0.00,0.25,0.00,0.00,0.04,0.45,0.58,0.35,0.45,0.47,0.47
12/30/2020,0.46,0.76,4.57,0.00,0.05,0.45,0.60,0.35,0.47,0.45,0.46
12/31/2020,4.56,4.83,0.51,0.00,0.05,0.34,0.50,0.26,0.39,0.45,0.46
1/1/2021,0.00,0.00,0.00,0.00,0.05,0.28,0.51,0.22,0.40,0.45,0.45
1/2/2021,5.76,3.05,6.35,0.00,0.06,0.04,0.07,0.03,0.06,0.46,0.45
1/3/2021,0.00,0.00,0.25,0.00,0.06,0.16,0.33,0.12,0.26,0.47,0.47
1/4/2021,2.41,2.03,14.22,0.00,0.06,0.04,0.06,0.03,0.05,0.46,0.47
1/5/2021,0.10,0.25,0.25,0.00,0.05,0.29,0.44,0.23,0.34,0.47,0.47
1/6/2021,0.00,0.00,0.25,0.00,0.05,0.25,0.43,0.19,0.33,0.49,0.47
1/7/2021,0.00,0.25,0.51,0.00,0.05,0.45,0.63,0.35,0.49,0.49,0.47
1/8/2021,0.00,0.00,0.00,0.00,0.05,0.20,0.42,0.15,0.33,0.49,0.49
1/9/2021,0.00,0.00,0.00,0.00,0.05,0.47,0.63,0.36,0.49,0.50,0.49
1/10/2021,0.00,0.00,0.00,0.00,0.05,0.34,0.62,0.26,0.49,0.51,0.51
1/11/2021,0.05,0.00,0.00,0.00,0.05,0.46,0.65,0.36,0.51,0.53,0.52
1/12/2021,0.00,0.00,0.00,0.00,0.05,0.18,0.33,0.14,0.26,0.55,0.54
1/13/2021,0.00,0.25,0.00,0.00,0.05,0.59,0.75,0.46,0.58,0.56,0.56
1/14/2021,0.00,0.00,0.00,0.00,0.05,0.67,0.83,0.52,0.65,0.57,0.57
1/15/2021,0.00,0.00,0.00,0.00,0.05,0.61,0.89,0.47,0.70,0.59,0.59
1/16/2021,0.00,0.00,0.00,0.00,0.05,0.58,0.88,0.45,0.68,0.62,0.60
1/17/2021,0.00,0.00,0.00,0.00,0.05,0.67,1.00,0.52,0.78,0.63,0.62
1/18/2021,0.00,0.00,0.00,0.00,0.05,0.66,0.95,0.51,0.74,0.66,0.64
1/19/2021,0.00,0.00,0.00,0.00,0.05,0.41,0.68,0.32,0.53,0.67,0.67
1/20/2021,0.00,0.00,0.00,0.00,0.05,0.58,0.83,0.45,0.65,0.68,0.68
1/21/2021,0.00,0.00,0.00,0.00,0.07,0.43,0.73,0.33,0.57,0.71,0.69
1/22/2021,10.86,11.43,9.40,0.00,0.09,0.08,0.12,0.06,0.09,0.73,0.70
1/23/2021,0.03,0.25,0.00,0.00,0.09,0.17,0.33,0.13,0.25,0.74,0.72
1/24/2021,9.91,8.13,5.33,0.00,0.12,0.05,0.09,0.04,0.07,0.75,0.74
1/25/2021,0.02,0.00,0.00,0.00,0.10,0.28,0.43,0.22,0.33,0.78,0.76
1/26/2021,1.67,3.05,10.41,0.00,0.10,0.12,0.32,0.10,0.25,0.79,0.77
1/27/2021,41.99,37.85,13.21,0.00,0.37,0.04,0.05,0.03,0.04,0.81,0.79
1/28/2021,89.08,52.58,11.68,12.39,1.46,0.01,0.02,0.01,0.02,0.81,0.81
1/29/2021,8.21,4.83,11.94,5.71,0.59,0.33,0.62,0.26,0.48,0.83,0.83
1/30/2021,0.00,0.00,0.00,0.90,0.39,0.39,0.57,0.30,0.44,0.86,0.84
1/31/2021,0.00,0.00,0.00,0.34,0.26,0.35,0.65,0.27,0.51,0.86,0.86
2/1/2021,0.00,0.00,18.03,0.08,0.20,0.44,0.68,0.34,0.53,0.88,0.88
2/2/2021,29.38,15.75,9.14,0.76,0.26,0.14,0.28,0.11,0.22,0.89,0.89
2/3/2021,0.00,0.00,0.25,0.75,0.33,0.32,0.62,0.25,0.48,0.88,0.89
2/4/2021,0.00,0.00,0.00,0.32,0.31,0.53,0.82,0.41,0.64,0.88,0.87
2/5/2021,0.00,0.00,0.00,0.17,0.29,0.65,1.03,0.51,0.80,0.88,0.87
2/6/2021,0.00,0.00,0.00,0.10,0.25,0.71,1.12,0.55,0.87,0.88,0.85
2/7/2021,0.00,0.00,0.00,0.08,0.22,0.54,1.03,0.42,0.80,0.88,0.86
2/8/2021,0.00,0.00,0.00,0.05,0.19,0.34,0.73,0.27,0.57,0.88,0.85
2/9/2021,0.00,0.00,0.00,0.03,0.17,0.26,0.40,0.20,0.31,0.88,0.83
2/10/2021,0.00,0.00,0.00,0.02,0.13,0.49,0.86,0.38,0.67,0.87,0.83
2/11/2021,21.62,18.03,16.26,0.04,0.13,0.19,0.33,0.15,0.26,0.91,0.88
2/12/2021,3.08,4.06,0.25,0.27,0.07,0.22,0.42,0.17,0.33,0.94,0.93
2/13/2021,11.82,10.67,0.76,0.66,0.14,0.20,0.40,0.15,0.31,0.99,0.97
2/14/2021,5.63,2.79,5.08,0.27,0.42,0.16,0.36,0.12,0.28,1.02,1.01
2/15/2021,12.94,5.84,14.48,0.30,0.35,0.09,0.15,0.07,0.12,1.05,1.06
2/16/2021,0.29,0.00,0.00,0.27,0.28,0.23,0.41,0.18,0.32,1.11,1.10
2/17/2021,0.00,0.25,0.00,0.13,0.33,0.39,0.94,0.30,0.73,1.14,1.15
2/18/2021,0.00,0.00,0.00,0.07,0.29,0.57,1.08,0.44,0.84,1.18,1.19
2/19/2021,0.48,0.00,4.57,0.05,0.24,0.35,0.49,0.28,0.38,1.20,1.21
2/20/2021,2.84,3.05,1.78,0.05,0.20,0.31,0.47,0.24,0.36,1.21,1.21
2/21/2021,0.00,0.00,0.00,0.04,0.19,0.51,1.09,0.39,0.85,1.21,1.22
2/22/2021,0.00,0.00,0.00,0.03,0.17,0.68,1.27,0.53,0.99,1.23,1.24
2/23/2021,0.00,0.00,0.00,0.02,0.15,0.68,1.39,0.53,1.08,1.25,1.25
2/24/2021,0.00,0.00,0.00,0.02,0.13,0.63,1.34,0.49,1.04,1.26,1.27
2/25/2021,0.00,0.00,0.00,0.01,0.12,0.68,1.21,0.53,0.94,1.26,1.26
2/26/2021,0.00,0.00,0.00,0.01,0.12,0.66,1.07,0.51,0.83,1.28,1.28
2/27/2021,0.00,0.00,0.00,0.01,0.11,0.55,1.04,0.42,0.81,1.29,1.29
2/28/2021,0.00,0.00,0.00,0.01,0.11,0.63,1.24,0.49,0.96,1.31,1.28
3/1/2021,0.00,0.00,0.00,0.01,0.10,0.66,1.26,0.51,0.98,1.32,1.28
3/2/2021,0.00,0.00,0.00,0.01,0.10,0.56,1.12,0.44,0.87,1.35,1.29
3/3/2021,0.00,0.00,0.00,0.01,0.09,0.46,0.84,0.36,0.65,1.37,1.29
3/4/2021,0.00,0.00,0.00,0.01,0.09,0.72,1.28,0.56,1.00,1.38,1.28
3/5/2021,0.36,0.25,5.08,0.00,0.07,0.62,1.25,0.48,0.97,1.40,1.28
3/6/2021,6.63,9.40,0.76,0.01,0.00,0.53,1.02,0.42,0.80,1.41,1.29
3/7/2021,0.00,0.00,0.00,0.01,0.00,0.61,1.13,0.47,0.88,1.39,1.27
3/8/2021,0.00,0.00,0.00,0.00,0.00,0.43,0.83,0.33,0.64,1.36,1.24
3/9/2021,12.44,9.65,5.33,0.00,0.00,0.27,0.41,0.21,0.32,1.33,1.22
3/10/2021,15.88,19.30,15.75,0.03,0.00,0.14,0.30,0.11,0.23,1.32,1.18
3/11/2021,6.34,2.29,4.57,0.03,0.12,0.40,0.59,0.31,0.46,1.29,1.17
3/12/2021,0.00,0.00,0.00,0.02,0.17,0.61,1.25,0.48,0.97,1.27,1.15
3/13/2021,0.02,0.00,0.00,0.02,0.16,0.60,0.96,0.47,0.75,1.24,1.13
3/14/2021,11.34,12.19,10.41,0.03,0.17,0.28,0.53,0.22,0.41,1.22,1.11
3/15/2021,5.92,12.70,0.00,0.16,0.33,0.10,0.23,0.08,0.18,1.32,1.20
3/16/2021,0.97,0.00,0.00,0.21,0.43,0.43,1.00,0.34,0.77,1.42,1.32
3/17/2021,0.00,0.25,0.00,0.07,0.39,0.38,0.73,0.30,0.57,1.52,1.43
3/18/2021,24.79,15.24,12.70,0.18,0.39,0.16,0.24,0.13,0.19,1.63,1.54
3/19/2021,0.82,0.76,0.00,0.43,0.48,0.19,0.41,0.15,0.32,1.71,1.63
3/20/2021,0.00,0.00,0.00,0.10,0.50,0.37,0.86,0.29,0.67,1.81,1.74
3/21/2021,0.00,0.25,0.00,0.05,0.44,0.58,1.33,0.45,1.03,1.91,1.86
3/22/2021,0.09,0.00,0.00,0.03,0.37,0.54,1.16,0.42,0.90,2.01,1.96
3/23/2021,0.03,0.00,0.00,0.02,0.32,0.63,1.30,0.49,1.01,2.04,2.00
3/24/2021,0.00,0.00,0.00,0.02,0.29,0.68,1.43,0.53,1.11,2.10,2.03
3/25/2021,2.38,1.78,0.00,0.01,0.27,0.41,0.67,0.32,0.52,2.13,2.07
3/26/2021,0.00,0.00,0.00,0.01,0.24,0.76,1.65,0.59,1.28,2.17,2.11
3/27/2021,0.00,0.00,0.00,0.01,0.23,0.82,1.85,0.64,1.44,2.20,2.14
3/28/2021,0.00,0.00,0.00,0.00,0.22,0.86,1.94,0.67,1.51,2.23,2.18
3/29/2021,0.00,0.00,0.00,0.00,0.19,0.75,1.64,0.59,1.28,2.28,2.22
3/30/2021,0.00,0.00,0.00,0.00,0.18,1.00,1.98,0.78,1.54,2.32,2.26
3/31/2021,0.00,0.00,0.00,0.00,0.17,1.11,2.21,0.86,1.72,2.30,2.24
4/1/2021,0.00,0.00,0.00,0.00,0.17,1.07,2.26,0.83,1.76,2.29,2.23
4/2/2021,0.00,0.00,0.00,0.00,0.15,1.13,2.12,0.88,1.65,2.28,2.21
4/3/2021,0.00,0.00,0.00,0.00,0.14,0.82,1.23,0.64,0.96,2.28,2.19
4/4/2021,0.00,0.00,0.00,0.00,0.13,0.64,1.20,0.50,0.94,2.27,2.17
4/5/2021,0.10,0.00,0.00,0.00,0.13,0.82,1.31,0.64,1.02,2.26,2.15
4/6/2021,0.00,0.00,0.00,0.00,0.13,1.03,1.73,0.80,1.34,2.25,2.14
4/7/2021,0.00,0.00,0.00,0.00,0.12,1.01,1.59,0.78,1.24,2.24,2.12
4/8/2021,0.00,0.00,0.00,0.00,0.11,1.08,1.83,0.84,1.42,2.20,2.09
4/9/2021,0.00,0.00,0.00,0.00,0.11,0.98,1.68,0.76,1.31,2.15,2.04
4/10/2021,0.00,0.00,0.00,0.00,0.11,1.15,1.93,0.89,1.50,2.11,2.02
4/11/2021,0.00,0.00,0.00,0.00,0.11,0.92,1.93,0.71,1.50,2.06,1.98
4/12/2021,0.00,0.00,0.00,0.00,0.11,0.84,1.98,0.65,1.54,2.00,1.94
4/13/2021,0.00,0.00,0.00,0.00,0.11,0.82,1.62,0.63,1.26,1.96,1.91
4/14/2021,0.03,0.00,0.00,0.00,0.10,0.90,1.76,0.70,1.37,1.91,1.86
4/15/2021,0.00,0.00,0.00,0.00,0.10,0.87,1.88,0.68,1.46,1.87,1.83
4/16/2021,0.00,0.00,0.00,0.00,0.10,0.97,2.02,0.76,1.57,1.88,1.84
4/17/2021,0.00,0.00,,0.00,0.09,1.10,2.14,0.86,1.66,1.88,1.85
4/18/2021,0.00,0.00,0.00,0.00,0.09,1.17,2.53,0.91,1.97,1.89,1.85
4/19/2021,0.00,0.00,0.00,0.00,0.09,1.05,2.12,0.81,1.65,1.90,1.86
4/20/2021,0.00,0.00,0.00,0.00,0.09,0.86,1.41,0.67,1.09,1.90,1.87
4/21/2021,0.07,0.00,0.00,0.00,0.09,0.99,1.74,0.77,1.35,1.91,1.87
4/22/2021,0.00,0.00,0.00,0.00,0.09,0.95,1.70,0.74,1.32,1.91,1.88
4/23/2021,0.22,0.00,0.00,0.00,0.08,0.89,1.71,0.70,1.33,1.92,1.89
4/24/2021,0.00,0.00,0.00,0.00,0.09,0.85,1.34,0.66,1.05,1.90,1.89
4/25/2021,11.17,11.18,1.78,0.00,0.11,0.19,0.34,0.15,0.26,1.88,1.88
4/26/2021,0.02,0.25,0.00,0.00,0.11,0.61,1.05,0.47,0.82,1.87,1.89
4/27/2021,0.00,0.00,0.00,0.00,0.11,0.97,2.01,0.76,1.57,1.86,1.87
4/28/2021,0.00,0.00,0.00,0.00,0.10,1.04,2.56,0.81,1.99,1.84,1.87
4/29/2021,0.00,0.00,0.00,0.00,0.10,1.08,2.45,0.84,1.91,1.82,1.87
4/30/2021,0.00,0.00,0.00,0.00,0.10,1.24,2.35,0.97,1.83,1.80,1.87
5/1/2021,0.00,0.00,0.25,0.00,0.10,0.95,2.09,0.74,1.63,1.78,1.86
5/2/2021,0.00,0.00,0.00,0.00,0.09,1.12,2.25,0.87,1.75,1.84,1.91
5/3/2021,0.00,0.00,0.00,0.00,0.09,1.02,2.76,0.80,2.14,1.91,1.98
5/4/2021,0.00,0.00,0.00,0.00,0.08,1.08,2.72,0.84,2.11,1.97,2.04
5/5/2021,0.00,0.00,0.00,0.00,0.08,1.33,2.89,1.04,2.25,2.03,2.10
5/6/2021,0.00,0.00,0.00,0.00,0.07,1.03,2.20,0.80,1.71,2.10,2.15
5/7/2021,0.00,0.00,0.00,0.00,0.07,1.04,2.31,0.81,1.80,2.16,2.22
5/8/2021,0.00,0.00,0.00,0.00,0.07,1.07,2.83,0.83,2.20,2.23,2.29
5/9/2021,0.00,0.00,0.00,0.00,0.06,0.89,2.44,0.69,1.90,2.28,2.34
5/10/2021,0.00,0.00,0.00,0.00,0.05,1.07,2.89,0.83,2.25,2.24,2.28
5/11/2021,0.00,0.00,0.00,0.00,0.04,1.07,2.96,0.83,2.30,2.19,2.23
5/12/2021,0.00,0.00,0.00,0.00,0.04,1.03,2.71,0.80,2.11,2.15,2.17
5/13/2021,0.00,0.00,0.00,0.00,0.04,0.95,2.71,0.74,2.10,2.11,2.11
5/14/2021,0.00,0.00,0.00,0.00,0.04,0.98,2.20,0.76,1.71,2.04,2.05
5/15/2021,0.73,0.00,0.76,0.00,0.04,0.77,1.47,0.60,1.14,2.00,2.00
5/16/2021,0.09,0.00,0.00,0.00,0.04,0.85,1.88,0.66,1.46,1.95,1.95
5/17/2021,0.00,0.00,0.00,0.00,0.04,0.96,2.01,0.75,1.56,1.91,1.89
5/18/2021,0.00,0.00,0.00,0.00,0.04,0.95,2.45,0.74,1.91,1.94,1.93
5/19/2021,0.00,0.00,0.00,0.00,0.04,0.72,1.82,0.56,1.41,1.98,1.98
5/20/2021,0.00,0.00,0.00,0.00,0.04,0.71,1.77,0.55,1.38,2.01,2.03
5/21/2021,0.00,0.00,0.00,0.00,0.04,0.82,2.05,0.64,1.59,2.05,2.07
5/22/2021,0.00,0.00,0.00,0.00,0.04,0.73,2.25,0.57,1.75,2.10,2.11
5/23/2021,0.00,0.00,0.00,0.00,0.04,0.92,2.22,0.71,1.73,2.13,2.16
5/24/2021,0.00,0.00,0.00,0.00,0.04,1.09,2.75,0.85,2.14,2.17,2.21
5/25/2021,0.00,0.00,0.00,0.00,0.03,0.93,2.34,0.73,1.82,2.20,2.25
5/26/2021,0.00,0.00,0.00,0.00,0.03,1.04,2.78,0.81,2.16,2.18,2.23
5/27/2021,0.00,0.00,0.00,0.00,0.03,0.99,2.66,0.77,2.07,2.18,2.23
5/28/2021,0.00,0.00,0.00,0.00,0.03,1.01,2.56,0.79,1.99,2.16,2.21
5/29/2021,0.00,0.00,0.00,0.00,0.03,1.00,2.02,0.78,1.57,2.15,2.18
5/30/2021,0.00,0.00,0.00,0.00,0.03,1.47,3.32,1.14,2.58,2.14,2.17
5/31/2021,0.00,0.00,0.00,0.00,0.02,1.22,3.23,0.95,2.51,2.12,2.15
6/1/2021,0.00,0.00,0.00,0.00,0.00,1.17,3.37,0.91,2.62,2.12,2.15
6/2/2021,0.00,0.00,0.00,0.00,0.00,1.26,3.08,0.98,2.40,2.10,2.13
6/3/2021,0.00,0.00,0.00,0.00,0.00,1.22,3.10,0.95,2.41,2.10,2.13
6/4/2021,0.00,0.00,0.00,0.00,0.00,1.11,2.86,0.86,2.22,2.09,2.14
6/5/2021,0.00,0.00,0.00,0.00,0.00,1.10,2.96,0.85,2.30,2.09,2.13
6/6/2021,0.00,0.00,0.00,0.00,0.00,1.21,2.71,0.94,2.11,2.09,2.13
6/7/2021,0.00,0.00,0.00,0.00,0.00,0.93,2.17,0.73,1.69,2.09,2.14
6/8/2021,0.00,0.00,0.00,0.00,0.00,0.84,1.90,0.66,1.48,2.10,2.13
6/9/2021,0.00,0.00,0.00,0.00,0.00,0.75,1.91,0.59,1.49,2.08,2.14
6/10/2021,0.00,0.00,0.00,0.00,0.00,0.98,2.24,0.76,1.74,2.09,2.14
6/11/2021,0.00,0.00,0.00,0.00,0.00,1.07,2.62,0.83,2.04,2.10,2.15
6/12/2021,0.00,0.00,0.00,0.00,0.00,1.29,2.80,1.01,2.18,2.12,2.18
6/13/2021,0.00,0.00,0.00,0.00,0.00,1.15,2.57,0.89,2.00,2.14,2.20
6/14/2021,0.00,0.00,2.03,0.00,0.00,1.03,2.39,0.80,1.86,2.15,2.21
6/15/2021,0.00,0.00,0.00,0.00,0.00,1.33,2.96,1.03,2.30,2.16,2.22
6/16/2021,0.00,0.00,0.00,0.00,0.00,1.42,3.32,1.10,2.58,2.18,2.24
6/17/2021,0.00,0.00,0.00,0.00,0.00,1.66,3.67,1.29,2.86,2.20,2.27
6/18/2021,0.00,0.00,0.00,0.00,0.00,1.41,3.82,1.09,2.97,2.21,2.28
6/19/2021,0.00,0.00,0.00,0.00,0.00,1.43,3.57,1.12,2.78,2.19,2.26
6/20/2021,0.00,0.00,0.00,0.00,0.00,1.55,3.60,1.20,2.80,2.17,2.23
6/21/2021,0.00,0.00,0.00,0.00,0.00,1.40,2.88,1.09,2.24,2.15,2.22
6/22/2021,0.00,0.00,0.00,0.00,0.00,1.22,2.57,0.95,2.00,2.13,2.20
6/23/2021,0.00,0.00,0.00,0.00,0.00,1.19,2.63,0.93,2.05,2.09,2.18
6/24/2021,0.09,0.00,0.00,0.00,0.00,1.23,2.43,0.95,1.89,2.06,2.17
6/25/2021,0.00,0.00,0.00,0.00,0.00,1.57,2.97,1.22,2.31,2.04,2.14
6/26/2021,0.00,0.00,0.00,0.00,0.00,1.29,2.99,1.00,2.33,2.02,2.12
6/27/2021,0.00,0.00,0.25,0.00,0.00,1.22,2.97,0.95,2.31,2.02,2.12
6/28/2021,0.00,0.00,0.25,0.00,0.00,1.22,2.74,0.95,2.13,2.01,2.10
6/29/2021,0.00,0.00,0.00,0.00,0.00,1.23,2.99,0.95,2.33,2.00,2.10
6/30/2021,0.00,0.00,0.00,0.00,0.00,1.19,2.58,0.93,2.01,2.00,2.09
7/1/2021,0.00,0.00,0.25,0.00,0.00,1.24,2.94,0.97,2.29,2.00,2.09
7/2/2021,0.00,0.00,0.00,0.00,0.00,1.23,3.14,0.96,2.45,2.00,2.09
7/3/2021,0.00,0.00,0.25,0.00,0.00,1.12,2.57,0.87,2.00,1.98,2.07
7/4/2021,0.00,0.00,0.00,0.00,0.00,1.22,2.99,0.95,2.32,1.98,2.07
7/5/2021,0.00,0.00,0.25,0.00,0.00,1.20,3.04,0.93,2.36,1.96,2.05
7/6/2021,0.00,0.00,0.00,0.00,0.00,1.19,2.94,0.93,2.29,1.95,2.03
7/7/2021,0.00,0.00,0.25,0.00,0.00,1.01,2.94,0.79,2.29,1.94,2.03
7/8/2021,0.00,0.00,0.00,0.00,0.00,1.34,3.89,1.04,3.03,1.92,2.01
7/9/2021,0.00,0.00,0.00,0.00,0.00,1.23,3.36,0.96,2.61,1.89,1.98
7/10/2021,0.00,0.00,0.00,0.00,0.00,1.29,3.60,1.00,2.80,1.88,1.97
7/11/2021,0.00,0.00,0.00,0.00,0.00,1.28,3.46,0.99,2.69,1.87,1.95
7/12/2021,0.00,0.00,0.00,0.00,0.00,1.30,3.04,1.01,2.36,1.85,1.93
7/13/2021,0.00,0.00,0.25,0.00,0.00,1.19,2.88,0.92,2.24,1.85,1.93
7/14/2021,0.00,0.00,0.00,0.00,0.00,1.15,3.01,0.90,2.34,1.82,1.92
7/15/2021,0.00,0.00,0.00,0.00,0.00,1.06,2.77,0.82,2.15,1.82,1.92
7/16/2021,0.00,0.00,0.25,0.00,0.00,1.11,2.95,0.86,2.29,1.81,1.91
7/17/2021,0.00,0.00,0.00,0.00,0.00,1.24,3.25,0.96,2.53,1.82,1.91
7/18/2021,0.00,0.00,0.00,0.00,0.00,1.08,2.90,0.84,2.26,1.81,1.91
7/19/2021,0.00,0.00,0.00,0.00,0.00,1.33,2.84,1.04,2.21,1.80,1.90
7/20/2021,0.00,0.00,0.00,0.00,0.00,1.05,2.68,0.82,2.08,1.80,1.90
7/21/2021,0.00,0.00,0.00,0.00,0.00,1.21,3.11,0.94,2.42,1.80,1.89
7/22/2021,0.00,0.00,0.25,0.00,0.00,1.14,3.10,0.88,2.41,1.80,1.88
7/23/2021,0.00,0.00,0.00,0.00,0.00,1.18,3.29,0.92,2.56,1.80,1.86
7/24/2021,0.00,0.00,0.00,0.00,0.00,1.18,3.17,0.92,2.46,1.79,1.85
7/25/2021,0.00,0.00,0.00,0.00,0.00,1.01,2.97,0.79,2.31,1.79,1.84
7/26/2021,0.00,0.00,0.00,0.00,0.00,1.00,2.15,0.78,1.67,1.79,1.83
7/27/2021,0.00,0.00,0.00,0.00,0.00,1.23,2.97,0.96,2.31,1.79,1.81
7/28/2021,0.00,0.00,0.00,0.00,0.00,1.18,2.80,0.92,2.18,1.79,1.80
7/29/2021,0.00,0.00,0.00,0.00,0.00,1.07,2.74,0.83,2.13,1.79,1.80
7/30/2021,0.00,0.00,0.00,0.00,0.00,1.26,2.89,0.98,2.25,1.78,1.80
7/31/2021,0.00,0.00,0.00,0.00,0.00,1.13,2.84,0.88,2.21,1.78,1.81
8/1/2021,0.00,0.00,0.00,0.00,0.00,1.23,2.61,0.96,2.03,1.77,1.81
8/2/2021,0.00,0.00,0.00,0.00,0.00,1.32,3.02,1.03,2.35,1.77,1.81
8/3/2021,0.00,0.00,0.00,0.00,0.00,1.29,3.14,1.01,2.44,1.77,1.82
8/4/2021,0.00,0.00,0.00,0.00,0.00,1.30,3.04,1.01,2.37,1.76,1.82
8/5/2021,0.00,0.00,0.76,0.00,0.00,1.24,2.50,0.96,1.94,1.76,1.82
8/6/2021,0.00,0.00,0.00,0.00,0.00,1.23,2.81,0.95,2.19,1.74,1.81
8/7/2021,0.00,0.00,0.00,0.00,0.00,1.05,2.55,0.82,1.98,1.72,1.79
8/8/2021,0.00,0.00,0.00,0.00,0.00,1.15,2.89,0.89,2.24,1.70,1.78
8/9/2021,0.00,0.00,0.00,0.00,0.00,1.17,2.95,0.91,2.30,1.67,1.76
8/10/2021,0.00,0.00,0.00,0.00,0.00,1.24,3.10,0.96,2.41,1.67,1.75
8/11/2021,0.00,0.00,0.00,0.00,0.00,1.00,2.68,0.78,2.08,1.65,1.74
8/12/2021,0.00,0.00,0.00,0.00,0.00,1.28,2.51,0.99,1.95,1.63,1.72
8/13/2021,0.00,0.00,0.00,0.00,0.00,1.08,2.36,0.84,1.83,1.61,1.71
8/14/2021,0.00,0.00,0.00,0.00,0.00,1.15,2.53,0.90,1.97,1.60,1.70
8/15/2021,0.00,0.00,0.00,0.00,0.00,1.13,2.51,0.88,1.96,1.61,1.69
8/16/2021,0.00,0.00,0.00,0.00,0.00,1.32,2.59,1.02,2.02,1.60,1.68
8/17/2021,0.00,0.00,0.00,0.00,0.00,1.11,2.53,0.87,1.97,1.61,1.68
8/18/2021,0.00,0.00,0.00,0.00,0.00,0.78,1.73,0.61,1.34,1.60,1.66
8/19/2021,0.00,0.00,0.00,0.00,0.00,0.89,1.90,0.69,1.48,1.59,1.65
8/20/2021,0.00,0.00,0.00,0.00,0.00,0.76,1.45,0.59,1.13,1.60,1.64
8/21/2021,0.00,0.00,0.00,0.00,0.00,1.00,1.92,0.78,1.49,1.59,1.63
8/22/2021,0.07,0.00,,0.00,0.00,1.24,2.28,0.96,1.77,1.59,1.63
8/23/2021,0.00,0.00,0.00,0.00,0.00,1.06,2.51,0.82,1.96,1.56,1.61
8/24/2021,0.00,0.00,0.00,0.00,0.00,1.05,2.24,0.82,1.74,1.56,1.60
8/25/2021,0.00,0.00,0.00,0.00,0.00,1.06,2.40,0.82,1.87,1.56,1.60
8/26/2021,0.00,0.00,0.00,0.00,0.00,1.14,2.62,0.89,2.04,1.54,1.59
8/27/2021,0.00,0.00,0.00,0.00,0.00,1.21,2.80,0.94,2.18,1.54,1.58
8/28/2021,0.00,0.00,0.00,0.00,0.00,1.23,2.84,0.96,2.21,1.52,1.57
8/29/2021,0.00,0.00,0.00,0.00,0.00,1.10,2.51,0.85,1.95,1.52,1.57
8/30/2021,0.00,0.00,0.00,0.00,0.00,1.17,2.97,0.91,2.31,1.51,1.57
8/31/2021,0.00,0.00,0.00,0.00,0.00,1.14,2.72,0.89,2.11,1.50,1.56
9/1/2021,0.00,0.00,0.00,0.00,0.00,1.01,2.20,0.79,1.71,1.50,1.56
9/2/2021,0.00,0.00,0.00,0.00,0.00,0.96,1.89,0.74,1.47,1.49,1.55
9/3/2021,0.00,0.00,0.00,0.00,0.00,1.11,2.43,0.86,1.89,1.47,1.55
9/4/2021,0.00,0.00,0.00,0.00,0.00,1.12,2.54,0.87,1.98,1.47,1.55
9/5/2021,0.00,0.00,0.00,0.00,0.00,1.27,2.70,0.99,2.10,1.46,1.54
9/6/2021,0.00,0.00,0.00,0.00,0.00,1.16,2.69,0.90,2.09,1.45,1.54
9/7/2021,0.00,0.00,0.00,0.00,0.00,0.98,2.59,0.77,2.02,1.43,1.51
9/8/2021,0.00,0.00,0.00,0.00,0.00,1.10,2.41,0.86,1.87,1.40,1.49
9/9/2021,0.00,0.00,0.00,0.00,0.00,1.03,2.16,0.80,1.68,1.37,1.46
9/10/2021,0.00,0.00,0.25,0.00,0.00,0.92,2.05,0.72,1.59,1.33,1.43
9/11/2021,0.00,0.00,0.00,0.00,0.00,0.89,2.21,0.69,1.72,1.30,1.40
9/12/2021,0.00,0.00,0.00,0.00,0.00,1.01,2.41,0.78,1.88,1.28,1.37
9/13/2021,0.00,0.00,0.00,0.00,0.00,0.95,2.43,0.74,1.89,1.25,1.35
9/14/2021,0.00,0.00,0.00,0.00,0.00,0.95,2.43,0.74,1.89,1.23,1.32
9/15/2021,0.00,0.00,0.00,0.00,0.00,0.94,2.22,0.73,1.73,1.24,1.32
9/16/2021,0.00,0.00,0.00,0.00,0.00,0.87,1.87,0.68,1.45,1.23,1.32
9/17/2021,0.00,0.00,0.00,0.00,0.00,0.89,1.86,0.70,1.45,1.23,1.32
9/18/2021,0.00,0.00,0.00,0.00,0.00,0.83,1.59,0.65,1.23,1.22,1.31
9/19/2021,0.46,0.25,1.78,0.00,0.00,0.62,1.47,0.48,1.15,1.23,1.31
9/20/2021,0.00,0.00,0.00,0.00,0.00,0.98,2.20,0.76,1.71,1.23,1.31
9/21/2021,0.00,0.00,0.00,0.00,0.00,1.03,2.25,0.80,1.75,1.22,1.31
9/22/2021,0.00,0.00,0.00,0.00,0.00,0.85,2.02,0.66,1.57,1.23,1.31
9/23/2021,0.00,0.00,0.00,0.00,0.00,0.93,2.18,0.72,1.69,1.23,1.31
9/24/2021,0.00,0.00,0.00,0.00,0.00,0.82,1.96,0.64,1.52,1.23,1.32
9/25/2021,0.00,0.00,0.00,0.00,0.00,0.71,1.75,0.56,1.36,1.22,1.32
9/26/2021,0.00,0.00,0.00,0.00,0.00,0.84,1.39,0.65,1.08,1.22,1.33
9/27/2021,0.44,0.25,1.52,0.00,0.00,0.81,1.67,0.63,1.30,1.21,1.34
9/28/2021,0.00,0.25,0.00,0.00,0.00,0.79,1.51,0.61,1.17,1.21,1.34
9/29/2021,0.00,0.00,0.00,0.00,0.00,0.80,1.71,0.62,1.33,1.20,1.35
9/30/2021,0.00,0.00,0.00,0.00,0.00,0.89,1.92,0.69,1.50,1.20,1.35